0,0,0,0,0,0,0,0,0,0,0,0,0,0,0,0,0,0,0,0,0,0,0,0,0,0,0,0,0,0,0,0,0,0,0,0,1,0,5,1,3,1,2,3,2,1,4,1,7,6,2,1,8,7,12,6,10,11,3,12,7,17,17,7,31,10,7,20,85,30,29,29,28,24,24,15,18,17,23,15,20,17,10,21,19,17,24,19,16,9,13,15,17,20,11,10,8,8,14,12,12,11,13,13,14,16,11,16,6,16,6,8,12,8,11,6,7,4,9,5,9,9,4,6,11,4,6,2,6,5,6,5,11,5,4,11,10,5,1,12,5,4,2,2,8,6,7,7,4,5,5,10,3,4,11,7,4,5,6,6,10,9,7,7,9,9,8,16,9,7,5,9,12,3,6,6,7,9,11,12,8,9,13,12,15,8,14,16,13,15,16,9,10,18,21,8,17,9,11,11,8,14,10,15,11,11,7,7,12,8,4,5,4,7,6,15,9,8,5,5,8,6,6,6,2,10,6,4,2,4,7,7,6,5,7,9,8,6,8,5,8,6,11,6,6,7,4,7,7,5,7,10,7,6,4,8,11,5,7,7,3,3,12,4,9,4,5,6,10,10,6,11,11,7,11,8,9,10,12,4,11,14,8,5,10,12,12,14,5,11,10,14,7,13,11,16,12,15,12,13,12,16,22,17,19,14,17,19,14,19,17,31,21,23,17,26,18,16,22,10,7,11,6,2,0,0,0,101,75,-13,0,0,2,25,31,22,0,0,0,11,174,51,41,0,0,-2,23,59,64,29,65,-1,0,1,90,49,38,27,0,0,0,37,0,125,49,0,0,34,19,44,32,42,0,0,33,-2,72,28,33,0,0,2,107,45,30,42,0,0,0,34,50,44,19,0,0,35,24,31,30,14,0,0,13,19,24,20,9,0,0,22,14,23,7,16,0,0,12,14,7,12,6,0,0,9,3,14,13,5,0,0,8,11,10,15,16,0,0,7,14,7,10,6,0,0,7,11,17,5,18,0,0,14,13,15,6,6,0,0,16,12,12,13,12,0,0,8,21,11,14,11,0,0,22,7,21,12,-4,0,0,18,13,20,17,12,0,0,7,13,19,13,11,0,0,0,24,12,20,15,0,0,20,-71,8,10,12,0,0,-33,18,1,9,10,0,0,18,5,46,9,4,0,0,9,9,10,8,1,0,0,0,21,13,13,11,0,0,3,22,5,9,6,0,0,1,13,7,3,0,12,0,11,8,3,19,3,0,0,5,9,9,10,13,0,0,9,10,17,11,24,0,0,9,21,28,33,26,0,0,27,34,31,23,36,0,0,27,40,37,32,48,0,0,0,52,48,59,68,0,0,63,56,52,56,56,0,0,70,44,58,61,60,0,0,34,63,63,72,39,0,0,42,53,57,55,50,0,0,42,-2,90,46,36,0,0,0,88,49,46,34,0,0,29,31,43,31,43,0,0,31,34,34,40,31,0,0,29,31,-1,0,77,0,0,56,39,27,30,24,0,0,29,38,31,0,0,0,0,49,46,0,77,33,0,0,23,24,37,38,19,0,0,26,28,27,18,21,0,0,21,30,30,29,0,0,0,17,21,17,14,0,0,0,0,56,0,65,30,0,0,24,-2,77,40,53,0,0,0,34,0,109,62,4,0,53,0,122,0,119,0,0,77,0,69,0,122,0,0,132,0,95,0,122,0,0,57,0,149,0,0,93,0,0,0,93,24,99,0,0,35,0,88,0,71,0,0,51,0,57,0,50,0,0,36,0,0,54,60,0,0,22,0,40,-3,40,0,0,22,0,24,0,32,0,0,5,0,29,0,22,0,0,0,0,23,0,30,0,0,7,0,24,0,7,0,0,0,11,18,0,17,0,0,3,0,10,0,0,0,0,26,0,28,0,21,0,0,21,0,21,0,30,0,0,9,0,16,0,31,0,0,0,0,27,0,22,0,0,18,0,0,0,60,0,0,10,0,28,0,31,0,0,0,0,41,0,30,0,0,13,0,40,0,36,0,0,0,0,28,0,41,0,0,18,0,42,0,0,0,30,30,-1,46,0,22,0,0,30,0,43,0,0,0,0,48,0,45,0,28,0,0,0,0,50,0,49,0,0,19,0,43,0,34,0,0,15,0,43,0,27,0,0,5,0,29,0,27,0,0,0,0,37,0,19,0,0,26,0,0,0,51,0,0,16,0,30,0,29,0,0,10,0,28,0,27,0,0,8,-3,31,0,22,0,0,3,0,30,0,20,0,0,14,0,29,0,23,0,0,12,0,22,0,0,0,0,27,0,20,0,0,0,0,0,0,56,0,0,0,0,0,0,56,0,0,0,0,0,0,39,-5,0,0,0,0,0,-13,-25,0,0,0,0,0,124,0,0,0,0,0,0,69,0,0,0,0,0,0,93,0,0,0,0,0,0,47,0,0,0,0,0,0,85,0,0,0,0,0,0,102,0,0,0,0,0,0,87,0,0,0,0,0,0,68,1,-1,0,0,0,0,0,55,0
0,0,0,0,0,0,0,0,0,0,0,0,0,0,0,0,0,0,0,0,0,0,0,0,0,0,0,0,0,0,0,0,0,0,0,0,0,0,0,0,0,0,0,0,0,0,0,0,0,0,0,0,0,1,0,3,1,1,3,3,4,3,7,8,13,19,7,26,42,22,47,34,30,33,73,82,66,69,80,43,78,70,81,123,60,127,31,59,119,97,123,107,80,58,50,142,90,140,102,102,59,41,175,140,137,130,108,57,53,142,191,136,131,70,48,57,145,146,82,108,75,66,29,38,160,103,84,60,60,22,113,96,115,59,69,40,20,94,77,90,75,29,19,18,72,87,52,43,45,22,24,36,63,40,37,26,15,14,21,28,36,18,9,6,6,247,36,20,16,24,19,6,25,8,25,13,18,5,6,23,23,20,17,12,1,18,30,16,16,22,8,14,9,19,28,21,31,18,5,1,20,15,24,27,5,18,12,27,23,27,22,17,6,8,29,37,23,20,11,11,7,38,27,24,38,23,5,8,7,28,28,44,22,14,5,18,35,25,23,25,14,7,29,22,30,33,25,13,13,23,35,24,52,31,17,14,31,42,32,32,30,9,13,30,47,53,52,27,22,22,41,68,42,41,63,24,17,46,51,56,49,46,35,18,68,55,97,84,91,50,25,82,153,48,45,197,74,42,113,151,180,147,157,99,61,150,178,156,90,152,44,103,146,266,228,157,235,99,100,168,229,232,222,165,107,116,132,190,208,221,120,81,120,144,171,118,194,70,112,134,126,215,167,0,239,105,90,150,173,206,167,102,83,70,134,120,107,149,147,30,68,35,132,138,111,111,35,64,109,96,125,72,67,40,20,63,84,77,106,73,62,41,23,67,116,42,60,34,45,33,25,73,71,58,40,40,22,47,32,68,35,25,24,44,50,49,45,56,12,6,19,28,55,41,25,18,10,19,19,32,17,25,28,22,12,17,34,30,26,23,6,15,37,22,25,9,19,11,8,29,38,22,15,16,16,17,39,31,24,25,10,21,13,29,38,27,31,25,11,24,37,41,39,39,28,31,21,33,40,41,22,31,13,27,23,31,54,45,25,6,29,34,49,22,41,25,10,18,28,44,26,39,19,38,10,8,24,17,32,38,20,14,27,17,22,17,12,9,15,26,21,14,0,0,26,6,10,18,12,0,-1,20,12,4,11,11,1,0,0,27,10,11,12,0,-1,27,12,6,10,8,2,0,20,7,9,4,3,4,0,8,11,6,13,11,0,0,11,10,21,16,13,5,0,29,12,10,29,22,0,-2,30,17,50,14,12,8,0,44,23,41,63,21,5,0,38,40,28,60,37,-9,0,0,66,78,32,49,6,0,106,58,44,49,65,8,0,93,29,40,58,43,2,0,77,44,49,51,45,8,0,59,35,57,49,45,6,0,0,64,51,59,43,15,0,63,29,39,52,29,5,0,58,39,31,50,22,6,0,63,36,40,41,25,7,0,38,29,22,8,49,8,0,40,26,25,36,39,5,0,50,25,21,5,0,0,0,78,36,49,51,41,8,0,85,91,27,64,40,14,0,105,35,82,64,59,15,0,111,80,74,93,6,0,0,153,124,58,94,22,0,0,177,97,100,129,117,23,0,207,141,164,157,180,23,0,0,251,228,239,165,31,0,310,168,161,195,138,21,0,225,163,113,26,173,18,0,187,116,125,131,9,0,0,224,102,110,107,67,25,0,0,132,110,75,91,24,0,109,49,48,50,46,14,0,30,35,39,44,38,16,0,32,35,40,18,21,3,0,18,46,29,17,16,4,0,21,21,10,23,20,0,0,6,35,11,13,13,2,0,13,11,11,6,7,3,0,7,21,9,1,9,-3,0,13,3,5,8,15,0,-5,6,11,18,11,12,0,0,9,16,12,4,7,1,0,0,23,13,15,12,0,0,22,13,11,7,6,0,0,0,8,26,10,17,0,0,34,30,30,13,-6,0,0,31,24,24,24,18,0,0,0,12,41,20,27,0,0,25,24,10,19,13,0,0,0,15,17,8,19,0,0,11,15,21,14,16,0,0,18,11,19,14,13,0,0,10,8,17,26,9,0,0,6,1,34,33,10,0,0,18,53,22,20,29,0,0,11,9,17,15,20,0,0,19,20,16,30,19,0,0,12,14,18,23,19,0,0,0,11,26,19,19,0,0,16,19,18,26,12,0,0,15,25,22,12,14,0,0,12,1,29,19,13,0,0,20,14,15,13,17,0,0,0,14,11,21,20,0,0,13,11,8,16,8,0,0,19,12,17,21,14,0,0,15,25,10,8,18,0,0,6,0,19,26,0,0,0,22,22,21,13,11,0,0,21,14,14,0,0,0,0,17,18,21,22,14,0,0,16,17,13,9,12,0,0,16,19,20,16,25,0,0,23,18,21,22,24,0,0,0,17,6,24,21,0,0,0,24,0,45,0,0,0,0,0,0,0,0,0,0,0,136,97,0,0,0,0,0,0,0,108,0,0,0,0,0,0,92,0
0,0,0,0,0,0,0,0,0,0,0,0,0,0,0,0,0,0,0,0,0,0,0,0,0,0,0,0,0,0,0,0,0,0,0,0,0,0,0,0,1,0,0,0,0,1,0,2,1,-1,1,1,0,2,8,4,3,3,10,4,11,15,14,20,88,-55,16,21,29,37,39,17,50,29,53,63,52,38,22,33,64,85,92,82,68,104,34,40,88,125,90,83,75,32,40,95,83,89,96,62,42,45,113,84,69,91,71,40,60,93,80,98,82,66,35,34,116,93,86,61,66,19,14,29,104,88,77,63,35,48,91,71,78,71,72,25,29,97,110,65,36,85,22,19,63,82,94,70,83,23,21,51,108,100,67,26,36,38,94,86,122,60,15,35,61,114,148,165,111,95,26,26,129,117,127,108,118,21,24,118,161,158,129,127,43,35,60,249,188,158,156,82,27,161,139,157,175,185,83,34,112,239,94,246,108,28,33,162,169,132,158,185,29,51,148,146,169,108,156,27,35,150,153,180,162,106,19,51,78,115,118,130,128,26,46,150,108,106,143,79,4,30,135,114,94,110,66,19,10,188,100,134,66,63,19,26,83,91,66,78,87,13,11,40,100,89,88,71,-5,17,81,137,58,44,44,14,17,108,64,30,61,62,21,12,68,66,64,51,63,5,39,36,41,29,79,63,21,26,55,107,89,89,79,44,31,107,92,57,66,37,32,33,120,123,184,138,127,100,64,169,203,168,193,163,95,102,247,402,271,271,243,132,112,275,307,336,138,260,70,138,425,618,421,410,280,79,277,418,576,552,629,518,399,218,594,533,454,605,550,330,186,377,638,678,515,693,233,227,672,694,607,648,593,340,198,569,604,758,624,439,270,184,512,562,533,420,516,231,59,308,447,454,469,421,238,102,353,1165,483,437,175,252,118,290,366,391,341,309,109,69,275,256,274,214,159,94,53,206,221,238,80,63,408,72,251,253,258,248,215,79,26,137,143,187,149,86,47,33,90,109,136,177,101,49,17,81,125,89,104,82,37,9,78,94,92,68,62,38,1,42,65,105,153,117,45,2,51,60,83,71,65,24,5,34,34,41,25,55,23,5,29,41,51,59,34,14,10,53,32,153,7,19,7,7,24,40,79,55,231,18,2,9,43,31,-74,2,-5,9,15,20,30,32,30,8,9,40,69,71,59,41,12,6,25,74,40,9,0,0,66,39,53,58,16,1,76,25,21,26,71,4,0,33,22,7,30,34,23,2,43,20,31,37,45,15,0,137,19,43,58,35,36,38,16,14,-361,62,56,48,39,27,13,70,94,122,89,78,21,22,98,130,112,110,101,23,36,132,163,128,145,104,65,41,37,187,137,224,97,14,99,190,190,162,124,121,35,17,129,155,153,59,33,159,75,109,152,121,33,21,169,40,127,170,163,55,27,122,67,98,133,132,39,8,193,65,229,161,172,123,17,14,95,184,137,77,100,-8,10,159,78,96,86,112,26,21,115,39,179,105,49,94,13,118,62,106,146,141,28,14,133,77,154,9,31,26,8,207,107,89,102,109,21,3,104,42,124,90,68,24,7,104,49,90,86,76,40,11,99,54,83,96,77,1,13,39,81,78,96,83,2,5,20,87,122,30,229,18,13,148,23,134,145,150,68,52,168,75,88,207,175,71,69,182,86,254,266,292,79,43,244,140,314,177,234,92,67,288,176,340,237,301,89,61,375,143,282,223,273,85,58,26,338,97,253,243,64,1,418,88,267,194,204,48,1,336,68,206,170,142,51,1,298,43,144,144,119,21,2,186,42,101,125,103,19,0,106,16,112,69,61,0,1,40,99,66,24,111,0,0,44,25,122,6,110,4,0,27,100,38,14,162,0,0,19,103,32,8,153,0,0,11,106,28,113,26,0,0,6,108,12,23,136,-2,2,17,88,17,14,126,0,0,13,97,22,23,100,0,0,12,71,6,39,75,0,0,14,60,19,14,88,0,-1,17,80,28,11,90,0,0,11,59,16,27,78,0,0,18,76,28,14,137,0,0,17,72,35,20,99,0,0,55,74,26,21,99,-1,0,29,71,43,30,133,0,0,34,76,36,17,119,0,0,39,79,46,33,128,0,0,30,78,34,23,138,0,0,28,93,36,22,142,0,0,36,114,35,19,168,0,0,28,24,21,21,67,0,0,22,76,18,113,112,-3,0,38,16,50,122,13,0,0,37,14,31,151,13,0,0,33,11,29,154,-58,0,0,25,81,27,35,84,0,0,0,33,29,146,12,0,0,21,0,38,181,15,0,0,26,9,21,138,6,0,0,-2,6,9,93,7,0,0,0,8,21,72,0,0,0,34,9,16,118,7,0,0,20,7,38,61,21,0,0,73,8,11,74,14,0,0,28,10,27,135,17,0,0,39,19,26,111,20,0,0,61,0,55,196,24,0,0,1,38,34,158,21,0,0,0,59,39,159,28,0,0,84,21,39,70,175,8,0,0,0,103,263,0,0,0,0,88,44,192,18,0,0,0,51,31,192,17
0,0,0,0,0,0,0,0,0,0,0,0,0,0,0,0,0,0,0,0,0,0,0,0,0,0,0,0,0,0,0,0,0,0,0,0,0,0,0,0,0,0,0,0,0,0,0,0,0,0,0,0,0,0,0,0,0,1,1,0,3,1,2,5,2,2,3,5,7,3,9,8,12,1,8,16,9,8,11,8,7,11,12,9,19,-3,4,7,17,23,18,17,7,2,0,0,33,12,10,0,32,0,33,31,24,67,15,4,6,20,33,29,27,28,1,7,18,42,17,11,26,0,6,3,24,26,26,18,3,11,25,40,16,16,28,8,2,23,25,34,21,33,2,12,25,21,34,38,25,3,2,45,71,28,41,44,14,4,47,80,39,34,19,8,4,98,36,75,44,69,86,9,91,97,58,91,147,31,23,134,56,89,80,143,19,-1,104,46,172,68,53,18,14,66,87,70,79,56,13,4,45,148,36,40,69,14,0,23,105,50,4,68,15,0,21,104,33,49,29,23,-1,15,21,65,41,36,14,-2,2,30,22,15,27,7,0,22,27,38,42,16,10,1,20,27,34,28,35,1,1,8,18,24,19,12,1,1,6,20,10,3,13,0,0,8,5,17,17,18,3,3,7,17,5,6,4,5,1,16,14,13,16,45,0,3,38,39,28,22,38,17,0,28,36,12,17,43,2,0,10,53,19,43,30,7,0,51,9,44,20,36,10,5,48,52,82,64,40,25,0,23,108,73,91,77,35,1,64,108,147,142,118,34,1,153,54,115,115,15,3,42,171,78,146,151,46,0,3,253,127,297,197,98,105,6,335,191,182,185,208,18,-1,1,262,244,229,169,68,1,209,195,176,203,76,22,4,238,214,176,196,63,37,7,231,176,200,172,114,30,0,3,82,213,145,59,25,-3,148,43,121,83,70,13,-1,81,29,96,84,54,5,0,-2,78,57,58,27,7,0,21,12,59,46,42,12,0,53,44,32,24,14,6,0,23,26,10,12,2,-1,0,6,27,32,7,30,-6,0,19,4,14,30,-2,2,0,40,6,22,17,22,8,0,8,6,23,19,14,6,0,11,5,7,24,16,2,0,19,2,8,9,12,0,7,14,17,12,22,16,8,0,14,7,18,15,19,0,0,0,20,5,20,25,2,0,13,2,27,-2,21,7,0,11,12,18,13,16,5,0,15,10,7,28,11,-1,0,17,6,3,22,14,4,0,21,4,-1,6,20,4,2,20,21,7,17,0,17,0,0,10,10,7,26,1,0,12,2,15,24,22,5,1,30,7,11,42,34,12,0,12,6,6,23,27,2,0,3,37,4,53,36,3,0,38,0,23,63,55,8,0,-1,67,26,80,38,1,1,54,26,62,6,36,4,0,117,29,27,19,108,26,0,71,74,69,10,69,6,0,108,39,25,55,95,3,0,74,39,32,37,31,32,0,71,-6,6,38,9,0,0,174,47,49,51,30,11,-1,102,81,-11,63,57,1,1,1,117,17,58,60,1,0,77,39,27,48,51,2,0,83,16,56,78,53,1,2,120,36,75,4,47,5,1,77,43,33,14,164,28,0,172,18,75,93,74,15,4,203,81,20,143,29,3,0,223,74,25,72,70,-1,0,0,162,27,58,125,1,0,154,61,16,30,88,69,0,213,6,10,66,0,103,41,183,21,13,73,55,66,1,0,275,33,69,182,23,-1,140,24,61,100,98,11,0,183,34,0,217,91,16,1,0,8,209,115,0,109,0,129,39,86,55,15,0,0,0,0,-238,0,0,0,0,0,382,0,0,0,0,0,0,457,0,0,0,0,0,0,336,0,0,0,0,0,0,385,0,0,0,0,0,0,413,0,0,0,0,0,0,142,0,0,0,0,0,0,29,0,0,0,0,0,0,99,0,0,0,0,0,0,238,0,0,0,0,0,0,41,0,0,0,0,0,0,29,0,0,0,0,0,0,40,0,0,0,0,0,0,33,0,0,0,0,0,0,40,0,0,0,0,0,0,28,0,0,0,0,0,0,52,0,0,0,0,0,0,63,0,0,0,0,0,0,57,0,0,0,0,0,0,60,0,0,0,0,0,0,66,0,0,0,0,0,0,70,0,0,0,0,0,0,74,0,0,0,0,0,0,59,0,0,0,0,0,0,81,0,0,0,0,0,0,65,0,0,0,0,0,0,67,0,0,0,0,0,0,48,0,0,0,0,0,0,82,0,0,0,0,0,0,82,0,0,0,0,0,0,44,0,0,0,0,0,0,36,0,0,0,0,0,0,49,0,0,0,0,0,0,59,0,0,0,0,0,0,34,0,0,0,0,0,0,25,0,0,0,0,0,0,40,0,0,0,0,0,0,34,0,0,0,0,0,0,62,0,0,0,0,0,0,42,0,0,0,0,0,0,71,0,0,0,0,0,0,107,0,0,0,0,0,0,109,0,0,0,0,0,0,144,0,0,0,0,0,0,129,0,0,0,0,0,0,192,0,0,0,0,0,0,128,0,0,0,0,0,0,144,0,0,0,0,0,0,107,0,0
0,0,0,0,0,0,0,0,0,0,0,0,0,0,0,0,0,0,0,0,0,0,0,0,0,0,0,0,0,0,0,0,0,0,0,0,0,0,0,0,0,0,0,0,0,0,0,0,0,0,0,0,0,0,0,0,1,0,4,4,2,4,10,10,9,4,8,33,33,32,38,24,15,29,96,77,70,96,87,70,88,0,264,0,137,159,302,0,255,221,178,196,174,169,104,150,252,157,154,130,158,86,122,208,132,150,138,139,129,33,174,167,110,113,92,65,76,128,82,80,76,68,44,57,74,93,78,50,78,189,50,67,49,34,54,27,37,55,46,38,46,38,48,23,18,69,36,30,28,30,16,16,48,25,50,28,19,35,-41,27,51,17,23,11,15,15,30,25,28,14,15,5,10,28,12,22,17,12,2,17,18,16,14,12,19,7,15,29,0,29,17,12,10,9,2,32,18,12,14,6,10,18,21,20,16,12,4,6,-568,5,4,7,0,9,4,5,5,3,5,4,2,5,3,3,7,1,3,5,5,2,2,6,2,5,5,2,2,4,5,10,4,0,2,3,3,3,7,3,4,1,8,5,4,2,3,8,3,5,3,5,4,7,5,8,7,8,13,10,9,5,1,5,11,15,6,12,9,3,12,12,15,8,8,7,10,15,17,13,13,10,13,13,17,11,17,15,15,10,13,24,15,20,18,14,11,14,38,0,23,32,30,23,25,26,28,32,34,37,32,31,72,34,37,41,37,35,34,60,40,40,40,49,38,38,73,68,0,46,92,37,56,91,69,0,67,94,56,52,86,60,65,69,61,51,47,80,58,72,55,65,49,36,68,58,79,55,53,38,31,68,21,74,56,32,22,34,25,94,73,57,66,45,40,70,36,47,39,37,22,38,32,37,28,28,23,21,22,29,23,30,28,28,14,22,26,17,15,25,22,7,13,20,21,11,19,9,9,9,16,11,21,17,17,12,9,19,13,21,16,8,7,5,10,15,14,13,0,21,5,15,9,8,29,8,17,6,12,9,11,5,8,19,2,13,18,11,9,6,11,6,9,16,14,9,4,14,6,12,7,6,9,6,10,7,8,12,12,6,5,21,8,8,5,12,5,5,2,9,4,19,5,5,4,0,10,3,6,8,4,4,4,2,5,6,6,2,1,6,2,2,8,3,3,4,4,1,5,3,0,1,0,2,2,1,3,1,0,0,0,8,2,4,1,0,0,1,0,1,25,1,0,0,4,10,1,8,4,0,0,4,14,4,6,3,0,0,3,3,2,2,2,0,0,3,12,9,12,10,0,0,6,6,12,5,6,0,0,4,13,6,16,8,0,0,12,17,8,15,7,0,0,0,11,39,11,13,0,0,12,24,15,25,17,0,0,6,17,26,25,13,13,0,0,21,20,24,31,0,0,11,26,24,16,16,0,0,0,42,12,12,15,0,0,11,22,8,16,18,0,0,19,19,15,14,8,0,0,6,28,15,19,16,0,0,6,28,17,0,20,0,0,24,24,22,7,21,0,0,16,25,18,0,22,0,0,23,28,23,25,30,0,0,21,49,8,33,27,0,0,23,56,30,38,41,0,0,22,64,33,44,41,0,0,25,60,42,39,51,0,0,38,92,51,69,60,0,0,49,110,74,53,68,0,0,0,44,200,110,95,0,0,81,143,88,120,71,0,0,74,125,84,94,56,0,0,56,110,60,76,49,0,0,57,72,44,51,43,0,0,0,28,120,41,52,0,0,30,63,36,28,38,0,0,22,66,32,24,19,0,0,9,16,15,11,6,0,0,12,15,2,5,9,0,0,9,16,1,7,10,0,0,6,13,0,7,2,0,0,11,12,1,2,7,0,0,0,5,27,11,3,0,0,15,1,9,10,6,0,0,17,10,13,13,18,0,0,1,22,8,18,10,0,0,16,32,12,15,10,0,0,16,39,11,15,15,0,0,0,20,33,23,13,0,0,7,22,17,17,9,0,0,28,26,11,9,9,0,0,0,17,39,7,10,0,0,10,9,22,12,9,0,0,0,17,26,18,21,0,0,0,0,0,33,0,0,0,0,0,0,59,0,0,0,0,0,0,49,0,0,0,0,0,0,48,0,0,0,0,0,0,61,0,0,0,0,0,0,57,0,0,0,0,0,0,48,0,0,0,0,0,0,73,0,0,0,0,0,0,73,0,0,0,0,0,0,52,0,0,0,0,0,0,58,0,0,0,0,0,0,60,0,0,0,0,0,0,65,0,0,0,0,0,0,70,0,0,0,0,0,0,82,0,0,0,0,0,0,100,0,0,0,0,0,0,83,0,0,0,0,0,0,103,0,0,0,0,0,0,94,0,0,0,0,0,94,0,0,0,0,0,0,0,91,0,0,0,0,0,0,86,0,0,0,0,0,0,109,0,0,0,0,0,0,110,0,0,0,0,0,0,147,0,0,0,0,0,0,157,0,0,0,0,0,0,162,0,0,0,0,0,0,146,0,0,0,0,0,0,189,0,0,0,0,0,0,177,0
0,0,0,0,0,0,0,0,0,0,0,0,0,0,0,0,0,0,0,0,0,0,0,0,0,0,0,0,0,0,0,0,0,0,0,0,0,0,0,0,0,0,0,0,0,0,0,0,0,0,0,0,0,0,0,3,1,0,0,0,2,4,7,2,3,7,6,8,11,13,19,16,4,10,7,17,14,10,13,6,12,9,10,11,8,16,9,4,7,8,5,9,8,11,10,18,14,5,10,7,11,7,9,4,8,15,6,13,5,10,6,10,5,5,8,7,8,12,10,10,13,8,14,16,11,16,13,11,5,6,5,6,6,14,3,5,4,5,12,5,8,5,6,8,6,9,4,2,3,8,4,3,6,4,3,7,6,2,0,4,3,3,2,2,3,2,4,3,4,2,2,7,2,7,4,6,4,7,10,6,10,8,7,6,8,5,9,5,12,6,3,7,12,9,8,7,6,13,6,5,9,9,5,10,7,5,4,4,5,7,7,5,4,7,7,10,3,7,9,4,4,8,8,6,9,1,6,9,6,5,1,9,7,7,4,6,3,6,4,5,11,4,4,13,11,9,9,13,9,11,12,13,19,9,10,12,13,25,17,24,24,28,20,26,24,29,36,30,38,39,33,39,41,46,42,42,34,46,51,43,44,40,24,41,37,25,25,37,20,22,25,18,8,0,62,56,12,13,103,58,85,81,52,7,8,114,71,72,19,30,23,7,117,92,70,69,92,18,21,81,88,67,57,58,15,13,56,85,68,71,90,21,8,128,74,66,6,4,10,21,92,40,50,12,2,5,8,97,69,42,52,38,3,5,58,46,49,42,135,1,20,47,62,55,45,49,6,9,65,38,32,56,40,4,2,44,16,49,30,36,2,1,49,42,18,11,10,1,4,39,10,18,36,19,0,0,39,26,58,5,15,0,0,36,19,13,12,9,3,0,28,16,10,4,14,-2,1,5,19,7,14,18,0,0,0,23,4,4,3,0,3,15,23,11,10,5,-1,1,8,7,14,5,4,1,3,11,8,4,6,10,-2,1,6,3,8,14,22,-1,0,21,40,8,8,19,-2,0,15,14,18,11,27,0,0,14,21,19,1,5,0,0,14,6,2,11,3,0,1,11,5,49,16,0,0,26,19,19,29,31,0,0,11,16,14,12,6,0,0,2,8,18,5,1,0,0,17,3,10,15,7,0,0,10,17,2,6,1,0,0,9,0,10,4,24,0,0,3,4,7,2,11,0,0,3,11,6,5,6,0,0,13,-69,98,5,3,0,0,5,4,3,3,-5,0,0,6,5,3,3,5,0,0,2,12,17,3,12,0,0,5,33,10,13,9,0,0,7,17,34,13,12,0,0,15,1,20,32,24,0,0,19,14,20,16,21,0,0,10,18,23,20,20,0,0,19,36,19,20,13,0,0,33,26,10,19,17,0,0,48,47,23,17,0,21,0,2,17,26,19,33,0,0,40,45,26,20,26,0,0,14,37,28,28,19,0,0,34,26,39,16,22,0,0,27,35,36,23,16,0,0,15,42,49,18,4,0,0,11,50,43,47,39,0,0,0,0,126,70,55,1,0,39,58,61,66,57,0,0,96,88,43,64,59,0,0,12,53,37,32,22,0,0,12,61,73,57,26,0,0,73,52,32,32,58,0,0,63,43,70,42,79,0,0,64,102,43,23,113,0,0,83,79,56,39,52,0,0,69,70,47,57,34,0,0,53,39,22,52,25,0,0,18,22,48,67,33,0,0,41,54,47,52,39,0,0,25,48,58,42,51,0,0,55,52,48,33,59,0,0,34,38,70,43,56,0,0,83,7,5,6,15,0,0,-1,18,1,5,4,0,0,5,23,8,3,7,0,0,1,4,4,3,1,0,0,2,6,0,0,2,0,0,2,9,18,7,15,0,0,11,10,6,9,2,0,0,3,3,6,4,13,0,0,0,-4,46,11,10,0,0,6,0,20,17,2,0,0,17,4,11,9,4,0,0,6,9,12,9,15,0,0,4,1,6,10,11,0,0,5,6,14,5,10,0,0,12,0,7,10,0,0,0,4,2,7,1,5,0,0,4,3,5,9,4,0,0,13,7,12,9,1,0,0,14,6,0,2,2,0,0,4,10,5,6,9,0,0,0,11,5,9,3,0,0,5,5,9,7,8,0,0,17,4,9,12,7,0,0,6,0,8,12,3,0,0,18,19,3,25,5,0,0,16,7,2,2,3,0,0,13,6,17,4,3,0,0,0,9,10,16,5,0,0,5,13,3,20,8,0,0,14,8,5,5,14,0,0,3,13,3,17,26,0,0,1,17,3,1,10,0,0,14,3,2,6,5,0,0,10,5,21,5,2,0,0,12,1,16,-5,0,0,0,1,7,11,11,5,0,0,14,16,15,15,2,0,0,3,8,4,19,6,0,0,2,16,7,9,7,0,0,1,0,22,10,2,0,0,5,0,28,21,11,0,0,12,18,37,12,15,0,0,13,8,7,10,7,0,0,26,14,24,22,5,0,0,0,19,8,10,4
0,0,0,0,0,0,0,0,0,0,0,0,0,0,0,0,0,0,0,0,0,0,0,0,0,0,0,0,0,0,0,0,0,0,0,0,0,0,0,0,0,0,0,0,0,0,0,0,0,0,0,0,0,2,3,0,2,1,2,1,5,4,6,12,7,9,11,11,23,24,22,19,32,20,12,26,25,26,30,22,35,26,44,36,42,23,23,20,39,28,50,21,21,26,23,36,33,44,32,61,23,26,18,27,32,33,31,31,24,34,25,67,53,35,27,12,38,43,22,14,13,52,16,18,39,25,19,46,16,13,38,30,39,24,27,11,18,20,30,32,36,30,26,22,52,39,37,29,32,19,23,33,48,53,47,53,35,42,43,71,78,75,68,67,64,127,120,158,85,102,111,99,125,163,185,164,147,113,138,141,248,201,174,153,136,695,282,292,148,111,276,19,155,211,363,251,280,209,117,95,-17,298,230,302,197,130,59,222,237,247,232,159,119,51,178,185,221,159,130,76,45,129,195,187,124,142,80,47,98,128,16,277,106,77,47,137,134,86,110,91,44,51,105,122,133,102,103,41,56,84,110,113,150,70,30,116,91,117,109,94,77,31,30,80,103,95,85,69,29,23,71,95,15,113,136,49,40,82,107,114,107,74,53,166,103,136,118,125,105,47,56,116,138,270,25,134,88,44,116,176,207,168,155,93,53,184,188,187,61,108,65,73,176,271,220,225,205,82,48,168,251,194,230,184,95,47,201,255,240,329,183,116,107,172,247,289,184,22,57,74,224,301,321,295,158,57,76,240,311,377,700,109,167,99,311,369,413,390,342,173,116,319,441,445,432,343,187,180,331,449,414,347,276,151,171,394,411,411,439,289,140,159,309,349,379,359,248,124,62,55,110,134,208,203,122,130,217,307,348,283,141,180,113,284,274,290,291,199,66,100,168,213,212,222,134,59,95,128,175,197,173,99,49,98,76,160,131,122,92,54,39,105,7,243,108,78,20,33,83,99,96,105,66,24,21,56,67,80,68,53,34,23,53,76,68,60,44,15,28,60,70,65,55,54,21,41,48,61,55,55,43,17,22,54,66,49,63,38,0,31,39,69,48,41,39,17,20,39,62,51,51,35,14,4,18,54,56,43,27,17,14,40,37,31,43,24,17,8,27,40,33,42,15,13,9,30,33,35,29,19,9,6,29,28,73,45,22,9,0,22,26,36,40,18,5,28,28,33,36,29,24,11,12,25,40,30,48,24,13,18,41,68,38,62,31,22,62,65,65,82,68,58,32,45,92,109,118,148,96,38,55,107,174,203,184,176,62,61,208,238,257,297,233,105,124,234,333,367,291,283,142,56,169,274,412,402,318,139,121,86,405,369,360,303,103,109,322,391,452,402,274,145,113,260,391,344,322,278,133,131,269,361,249,51,4,3,57,19,1174,221,257,209,99,68,198,262,230,227,178,62,62,147,228,169,187,66,55,63,139,155,129,136,113,45,44,99,18,286,268,74,29,46,71,123,136,97,75,28,43,87,86,1,0,1,0,148,71,98,159,72,63,29,15,57,90,83,103,23,30,22,70,85,100,95,64,21,20,56,82,82,0,0,0,163,75,65,102,1,0,53,224,59,97,126,106,98,42,22,112,148,121,14,164,137,5,136,155,183,191,164,68,60,152,286,233,213,204,111,60,240,313,301,173,203,42,55,288,290,296,248,165,212,81,239,287,289,260,200,73,25,202,247,249,167,143,67,55,145,215,114,224,101,47,43,111,132,140,100,91,39,24,69,100,115,76,60,4,40,58,72,58,54,63,24,10,35,45,35,31,34,11,1,27,47,37,71,46,5,2,39,30,19,1,0,0,35,43,20,30,52,7,4,3,15,15,18,17,13,3,7,13,10,8,17,14,1,2,13,23,11,14,8,4,1,10,9,19,11,3,4,4,2,16,6,11,0,0,0,16,2,10,11,5,3,3,12,12,25,14,8,3,6,6,30,7,14,3,12,0,13,14,20,-3,20,2,26,13,26,26,20,4,1,0,30,19,21,30,14,7,5,24,22,17,2,22,8,5,27,28,17,38,30,11,9,26,30,26,55,0,0,76,30,41,37,15,1,0,66,40,37,28,38,0,0,61,38,46,29,49,1,0,45,28,35,39,40,1,0,43,45,32,23,40,1,0,0,52,17,27,36,2,0,24,7,48,9,49,1,1,26,0,57,6,60,1,0,29,3,4,55,28,0,1,25,0,33,7,35,0,0,28,4,29,-35,30,0,0,18,0,26,0,46,0,0,27,4,22,5,22,1,0,14,2,22,7,18,1,0,14,2,14,2,1,0,0,35,1,15,4,28,0,0,21,2,16,0,0,0,1,17,0,21,5,3,0,0,4,1,74,7,2,0,0,2,1,75,4,1,0,0,5,3,105,2,0,0,1,0,2,96,3,2,1,0,1,4,118,3,4,0,1,6,8,126,8,0,0,0,0,13,232,2,1,0,0,2,3,180,7,2,0,0,7,0,389,2,3
0,0,0,0,0,0,0,0,0,0,0,0,0,0,0,0,0,0,0,0,0,0,0,0,0,0,0,0,0,0,0,0,0,0,0,0,0,0,0,0,0,0,0,0,0,0,0,0,0,0,0,0,0,0,0,0,0,0,0,0,0,0,0,0,2,0,0,1,1,1,1,0,2,1,1,2,2,1,2,0,0,3,0,1,3,0,4,5,0,5,9,3,0,6,0,0,0,14,3,0,5,0,0,0,13,-1,0,0,8,2,3,0,10,10,0,0,0,15,0,9,0,0,0,0,6,10,1,6,0,0,0,0,17,0,0,0,1,1,2,21,3,0,0,5,11,3,5,5,0,0,5,7,1,3,6,1,0,2,5,2,6,2,0,0,-1,-1,0,2,2,-1,0,3,-2,5,8,2,0,0,12,-3,1,5,0,0,0,1,4,3,4,4,0,0,-4,4,8,0,5,0,0,3,3,5,4,1,0,0,1,7,2,2,3,0,2,5,0,3,5,1,0,0,5,2,0,5,0,0,0,0,3,14,9,7,0,-3,1,1,3,3,0,0,0,10,9,1,0,6,1,1,2,6,0,15,0,4,4,2,4,0,7,0,5,0,3,5,3,5,12,0,1,6,11,11,11,4,4,1,7,17,8,9,9,6,2,2,4,9,5,27,2,0,7,20,1,25,19,4,0,18,19,10,28,43,8,4,25,0,16,32,2,5,0,29,62,48,31,27,8,11,31,35,23,35,14,22,8,45,20,10,5,17,5,11,25,10,40,7,-10,1,0,28,16,8,40,17,1,3,10,10,11,16,14,4,23,12,19,12,15,19,0,0,5,0,20,6,10,1,0,15,11,12,4,0,-1,0,0,9,2,21,6,10,0,0,10,8,4,12,0,0,1,1,14,7,18,4,0,0,3,4,9,15,4,0,0,2,7,1,20,1,0,0,-3,10,2,2,3,0,0,1,1,1,3,2,0,0,2,28,9,1,0,0,0,2,3,1,0,0,0,0,2,0,24,12,1,0,1,5,0,-21,0,8,0,2,7,7,3,9,1,0,0,0,0,1,1,1,0,0,-1,1,4,5,-2,-1,-5,1,10,29,0,0,-8,-12,-10,-12,-4,8,0,0,1,-13,0,0,13,0,0,0,0,0,0,0,0,0,2,3,2,0,0,0,0,2,0,0,0,1,0,0,0,-2,2,0,0,0,0,0,2,0,0,0,0,0,0,1,0,0,0,0,0,0,3,2,3,5,0,0,0,6,4,-1,0,0,0,0,0,-4,0,0,0,0,0,1,4,4,0,1,0,0,-3,-2,0,0,0,0,0,17,0,0,0,0,0,0,10,2,2,-1,4,0,0,3,0,17,8,0,0,0,1,5,0,1,2,0,0,0,9,3,3,0,0,0,8,3,0,0,23,0,0,408,14,5,8,0,0,0,0,1,1,3,10,0,0,1,14,15,12,1,7,7,8,4,4,10,0,0,0,3,1,12,0,21,0,0,9,3,1,13,0,0,0,39,2,0,2,4,0,0,22,15,7,6,10,0,0,4,20,0,0,0,14,0,9,3,10,12,0,0,0,22,29,10,19,3,0,0,8,5,6,11,5,0,0,4,5,10,0,0,0,10,4,5,2,0,0,0,0,6,0,72,40,12,0,0,18,9,32,13,0,0,0,3,5,14,7,0,0,0,35,28,25,9,0,0,0,39,0,0,50,0,0,0,47,0,7,6,0,0,0,15,40,1,12,0,0,0,18,43,10,2,0,0,0,30,0,16,11,0,0,0,4,5,3,1,0,0,0,8,10,2,1,0,0,0,3,1,2,0,0,0,0,70,21,0,18,0,0,0,2,0,0,11,0,0,0,15,0,1,0,0,0,0,3,1,0,2,0,0,0,0,0,0,0,0,0,0,4,14,1,0,0,0,0,-9,23,2,2,0,0,0,6,0,0,1,0,0,0,0,34,9,0,0,0,0,10,-3,3,0,0,0,0,14,7,11,1,0,0,0,2,0,2,0,0,0,0,1,4,1,0,2,0,-2,0,0,3,2,0,0,0,0,0,2,1,0,0,0,2,9,1,6,0,0,0,0,0,0,0,0,0,0,3,0,0,0,0,0,0,0,4,0,0,0,0,0,3,1,0,20,0,0,0,0,38,0,13,0,0,0,4,5,0,1,0,0,0,0,0,0,0,0,0,0,0,6,11,16,0,0,0,2,0,0,0,0,0,0,0,0,0,17,0,0,0,7,9,13,6,0,0,0,0,6,0,3,0,0,0,0,0,1,0,0,0,0,0,7,0,0,0,0,0,0,-13,0,4,0,0,0,0,0,12,0,0,0,0,0,0,44,0,0,0,0,0,0,0,16,0,0,0,0,0,0,31,0,0,0,0,0,10,0,0,0,0,0,0,9,0,0,0,0,0,0,3,0,0,0,0,0,0,9,0,0,0,0,0,0,1,0,0,0,0,0,0,38,0,0,0,0,0,0,7,0,0,0,0,0,0,4,0,0,0,0,0,0,0,12,0,0,0,0,0,19,0
0,0,0,0,0,0,0,0,0,0,0,0,0,0,0,0,0,0,0,0,0,0,0,0,0,0,0,0,0,0,0,0,0,0,0,0,0,0,0,0,0,0,0,0,0,0,0,0,0,0,0,0,0,0,0,0,0,0,1,0,0,0,0,0,0,1,2,1,0,2,0,1,0,5,0,0,0,4,1,0,-5,5,2,0,3,2,2,1,4,0,3,4,2,0,0,0,4,1,0,3,1,0,6,2,3,0,5,1,1,5,2,0,2,1,2,0,8,2,2,1,4,0,1,3,4,1,1,5,1,0,0,4,0,3,1,0,3,3,1,3,8,0,0,4,2,4,3,3,0,3,0,5,0,1,2,1,0,1,4,1,3,5,0,3,6,4,7,4,2,5,3,1,10,7,1,1,8,0,4,4,9,7,6,1,0,7,5,6,8,4,6,1,3,7,6,3,5,0,1,9,4,2,2,7,3,0,1,5,8,4,2,2,0,5,7,4,2,4,0,0,0,2,1,4,5,1,2,1,1,3,3,1,2,0,3,0,1,0,0,3,0,1,2,1,0,4,0,5,0,4,2,0,15,2,2,4,6,8,5,4,5,7,5,0,5,2,8,3,3,3,5,6,6,4,1,4,2,4,10,10,3,3,10,0,6,5,7,17,9,1,2,11,6,9,14,9,8,5,9,8,16,17,14,6,4,11,26,0,15,14,5,3,19,16,11,8,14,0,10,23,23,21,9,13,17,7,15,19,30,14,8,7,6,12,23,8,0,8,2,5,16,21,13,0,25,7,4,7,18,29,22,9,2,4,26,27,11,12,13,8,7,7,10,30,24,11,13,2,16,7,0,35,8,2,3,17,12,14,17,5,3,2,10,17,9,11,5,4,2,1,9,7,21,8,10,1,12,14,11,17,22,6,5,9,6,11,4,5,1,1,13,2,23,2,4,6,0,5,5,4,17,2,2,0,15,5,6,3,10,13,0,4,4,3,6,1,0,1,4,2,10,8,2,0,0,2,0,1,2,0,0,2,8,3,1,1,1,2,1,3,4,7,5,1,1,0,13,2,0,4,0,1,1,11,13,6,1,2,0,1,12,4,4,10,1,0,2,0,0,2,3,4,0,1,0,3,3,3,0,0,2,3,2,1,0,4,0,0,0,1,0,2,2,2,0,3,3,1,14,4,8,2,3,3,4,3,0,0,0,7,2,2,4,0,0,6,3,4,4,3,0,0,3,4,4,1,0,0,0,9,7,6,3,1,0,0,15,5,8,7,8,0,0,9,8,7,3,4,0,0,12,0,12,14,9,0,0,12,9,12,10,8,0,0,5,6,6,12,6,0,0,0,27,8,10,21,0,0,16,13,11,15,8,0,0,17,25,12,19,9,0,0,23,13,15,12,11,0,0,8,11,12,9,11,0,0,0,31,17,8,17,0,0,23,5,11,12,10,0,0,21,10,22,9,18,0,0,29,11,14,14,10,0,0,14,13,12,0,22,0,0,26,13,12,13,17,0,0,14,15,13,0,17,0,0,21,20,17,0,19,0,0,31,11,16,10,8,0,0,21,12,15,9,7,0,0,13,21,11,5,0,0,0,16,4,7,6,0,0,0,17,7,44,13,19,0,0,20,15,14,7,8,0,0,0,28,18,22,11,0,0,33,10,18,6,10,0,0,11,20,12,10,13,0,0,18,32,14,13,11,0,0,39,26,10,8,15,0,0,0,13,20,5,11,0,0,3,6,19,6,11,0,0,8,24,9,24,21,0,0,6,5,3,3,5,0,0,11,38,35,36,21,0,0,4,5,3,0,0,0,0,0,0,0,16,0,0,0,0,0,0,6,0,0,0,0,0,0,4,0,0,0,0,0,0,7,0,0,0,0,0,0,13,0,0,0,0,0,0,1,0,0,0,0,0,0,4,0,0,0,0,0,0,12,0,0,0,0,0,0,4,0,0,0,0,0,0,12,0,0,0,0,0,0,13,0,0,0,0,0,0,10,0,0,0,0,0,0,18,0,0,0,0,0,0,13,0,0,0,0,0,0,22,0,0,0,0,0,0,15,0,0,0,0,0,0,16,0,0,0,0,0,0,28,0,0,0,0,0,0,12,0,0,0,0,0,0,13,0,0,0,0,0,0,15,0,0,0,0,0,0,13,0,0,0,0,0,0,8,0,0,0,0,0,0,12,0,0,0,0,0,0,10,0,0,0,0,0,0,10,0,0,0,0,0,0,7,0,0,0,0,0,0,6,0,0,0,0,0,0,13,0,0,0,0,0,0,9,0,0,0,0,0,0,9,0,0,0,0,0,0,11,0,0,0,0,0,0,13,0,0,0,0,0,0,0,21,0,0,0,0,0,0,17,0,0,0,0,0,0,11,0,0,0,0,0,23,0,0,0,0,0,0,16,0,0,0,0,0,0,10,0,0,0,0,0,0,19,0,0,0,0,0,0,16,0,0,0,0,0,0,12,0,0,0,0,0,0,19,0,0,0,0,0,0,6,0
0,0,0,0,0,0,0,0,0,0,0,0,0,0,0,0,0,0,0,0,0,0,0,0,0,0,0,0,0,0,0,0,0,0,0,0,0,0,0,0,0,0,0,0,0,0,0,0,0,0,0,1,0,0,2,0,0,1,1,0,3,2,1,1,1,0,3,2,1,2,1,0,5,0,2,4,11,0,4,4,1,2,3,6,6,2,2,1,3,0,5,3,1,5,0,7,2,2,1,5,0,0,4,2,6,3,3,0,3,0,4,3,0,0,0,1,2,4,1,2,0,1,0,0,0,3,0,2,0,1,3,2,0,2,0,2,1,5,0,2,2,0,3,4,2,1,4,1,1,1,2,0,3,2,5,0,0,2,3,1,1,0,4,2,0,5,4,6,2,0,2,3,7,3,2,5,3,3,2,7,2,2,9,3,4,0,14,8,5,6,3,1,2,5,5,1,9,7,1,1,11,7,8,2,1,2,0,9,11,4,2,3,0,3,8,5,5,9,7,4,1,5,4,2,5,5,1,1,4,8,3,2,6,4,0,10,2,0,0,4,1,3,3,6,1,3,0,1,4,8,4,1,3,8,1,0,9,2,11,3,2,0,0,6,3,3,6,2,1,7,6,2,0,14,4,0,2,9,7,2,2,14,2,1,9,4,5,6,13,1,4,3,5,4,7,6,2,4,13,10,20,4,7,1,6,21,20,0,18,11,9,7,24,17,20,30,24,6,12,35,30,13,15,12,5,6,52,49,21,21,36,1,6,35,21,12,0,7,5,6,16,19,9,0,15,8,6,44,8,10,7,28,1,9,54,41,29,21,41,1,3,5,24,11,22,12,3,2,22,20,6,8,19,0,1,23,10,7,4,18,3,1,7,13,12,38,43,0,0,1,5,6,0,5,1,1,6,32,10,2,2,0,4,13,27,32,9,3,0,2,5,2,11,3,3,0,2,22,3,4,4,5,1,2,2,1,2,3,2,0,0,6,2,2,0,6,1,2,33,7,5,1,0,0,1,5,3,6,2,3,0,0,1,6,1,9,7,1,1,2,2,1,4,3,3,1,6,1,5,8,6,2,3,16,11,12,10,3,2,3,4,7,5,7,5,4,2,4,11,21,5,1,2,3,3,2,7,3,5,3,0,6,16,10,0,3,1,0,7,7,1,5,3,1,2,1,2,1,1,2,0,0,7,4,4,3,0,0,0,1,6,2,2,0,0,5,3,3,7,7,0,0,9,6,1,1,2,0,0,2,5,6,6,3,0,0,5,9,5,8,4,0,0,14,9,8,8,7,0,0,14,15,11,19,18,0,0,24,30,20,9,20,0,0,40,43,23,27,24,0,0,0,40,61,21,20,0,0,32,44,46,11,22,0,0,25,30,26,11,21,0,0,27,41,21,20,24,0,0,8,44,33,59,23,0,0,20,82,33,24,20,0,0,24,41,9,40,9,0,0,11,23,16,24,14,0,0,5,28,64,74,19,0,0,58,35,75,0,20,0,0,53,52,18,13,28,0,0,103,49,50,0,0,0,0,26,19,25,42,15,0,0,25,31,19,38,25,0,0,39,49,39,19,4,0,0,3,25,31,8,0,0,0,25,8,9,15,0,0,0,11,44,9,9,33,0,0,18,35,31,25,13,0,0,0,9,16,8,20,0,0,17,41,54,19,19,0,0,14,24,39,18,33,0,0,30,21,57,22,11,0,0,18,20,23,28,12,0,0,0,29,34,59,4,0,0,40,26,4,34,23,0,0,34,29,28,54,15,0,0,16,14,34,27,11,0,0,4,8,28,22,2,0,0,39,41,24,5,3,0,0,0,0,77,57,15,0,0,19,84,5,23,16,0,0,12,5,8,10,-1,0,0,8,1,13,3,0,0,0,3,6,8,1,8,0,0,13,5,2,8,4,0,0,3,0,5,12,6,0,0,5,7,9,3,1,0,0,0,24,4,5,13,0,0,2,20,4,4,6,0,0,14,1,13,0,6,0,0,0,2,15,20,19,0,0,8,13,3,6,5,0,0,0,4,14,3,12,0,0,11,11,11,13,13,0,0,34,13,24,15,26,0,0,14,7,18,11,29,0,0,29,30,14,18,19,0,0,8,21,12,5,10,0,0,25,20,14,8,8,0,0,12,9,5,5,10,0,0,9,9,11,3,12,0,0,0,14,12,4,14,0,0,8,2,11,0,0,0,0,0,0,28,0,0,0,0,0,0,41,0,0,0,0,0,0,29,0,0,0,0,0,0,32,0,0,0,0,0,0,23,0,0,0,0,0,0,35,0,0,0,0,0,0,46,0,0,0,0,0,0,0,17,0,0,0,0,0,44,0,0,0,0,0,0,37,0,0,0,0,0,0,40,0,0,0,0,0,0,28,0,0,0,0,0,0,43,0,0,0,0,0,0,13,0,0,0,0,0,0,14,0,0,0,0,0,0,62,0,0,0,0,0,0,54,0,0,0,0,0,0,63,0,0,0,0,0,0,23,0,0,0,0,0,0,67,0,0
0,0,0,0,0,0,0,0,0,0,0,0,0,0,0,0,0,0,0,0,0,0,0,0,0,0,0,0,0,0,0,0,0,0,0,0,0,0,0,0,0,0,0,0,2,0,0,0,0,0,0,1,0,2,2,2,2,2,0,5,0,5,6,6,19,2,7,22,2,77,6,25,26,15,47,26,45,36,48,23,38,72,25,72,57,23,26,48,45,26,94,59,9,20,13,83,47,50,46,50,15,20,72,68,61,69,46,6,14,44,48,48,42,47,9,24,55,44,48,46,43,4,15,7,60,45,49,34,4,9,70,36,41,53,28,12,12,53,36,47,29,48,6,7,55,25,43,43,40,17,12,65,43,46,39,24,29,28,58,45,67,67,18,29,47,63,48,120,93,95,45,35,132,112,156,128,90,87,90,134,139,173,135,124,77,77,186,216,253,257,179,62,73,245,225,120,180,182,77,91,276,212,148,228,204,107,87,219,174,117,119,106,51,72,183,153,135,89,148,14,68,187,127,149,100,61,38,22,44,195,216,176,98,8,34,145,152,147,139,62,9,21,99,202,177,120,107,10,5,106,174,127,110,74,43,41,55,137,164,118,0,178,48,119,64,141,94,87,50,54,84,105,57,73,77,12,20,56,66,77,72,41,28,45,56,32,39,53,86,21,58,69,52,72,73,44,29,41,85,87,79,79,41,61,94,72,97,0,109,79,58,97,82,97,98,120,90,93,105,96,84,129,123,71,81,137,79,122,101,96,72,95,112,74,120,121,0,140,77,96,101,137,127,0,217,97,103,98,129,164,185,138,108,159,156,169,217,186,205,133,137,162,142,161,272,153,129,153,227,160,202,219,106,119,206,137,197,228,210,142,97,119,233,160,174,183,118,96,155,220,157,163,218,121,93,159,148,127,138,146,110,118,147,136,132,120,135,98,63,81,125,59,92,105,80,30,93,101,55,94,53,62,29,37,41,30,107,159,26,36,69,91,87,69,92,66,22,36,70,42,84,62,46,7,35,64,44,74,92,74,35,32,62,83,80,63,53,36,64,46,72,54,77,78,29,39,92,79,71,86,65,31,52,48,51,47,71,56,19,58,94,44,76,94,22,11,27,80,66,86,41,0,0,0,95,55,49,12,0,0,0,0,0,0,280,0,0,0,0,0,0,290,0,0,0,0,0,0,217,0,0,0,0,0,0,213,0,0,0,0,0,0,172,0,0,0,0,0,0,231,0,0,0,0,0,0,282,0,0,0,0,0,0,409,0,0,0,0,0,0,616,0,0,0,472,4,357,238,0,0,357,7,8,799,315,0,0,464,6,9,901,347,0,0,574,8,10,1338,415,0,0,0,649,4,1296,499,0,0,479,3,3,1554,429,0,0,644,5,3,1213,475,0,0,483,4,4,938,290,0,0,320,3,3,782,260,0,0,0,633,3,408,148,0,0,283,1,0,465,195,0,0,130,0,0,562,175,0,0,0,0,0,0,664,0,0,84,0,0,0,279,1,0,147,1,0,0,235,0,0,66,0,0,0,0,0,0,391,10,0,82,71,0,0,88,0,0,218,19,0,0,47,0,1,117,29,0,0,44,0,0,83,0,0,0,42,1,0,90,24,0,0,0,37,0,81,66,0,0,122,3,6,262,77,0,0,0,297,3,111,194,0,0,0,605,0,0,587,0,0,310,6,2,0,1009,-3,0,184,2,3,854,250,0,0,338,1,3,658,330,0,0,0,53,0,598,1,236,0,294,163,0,542,208,0,0,329,0,71,77,386,0,0,179,16,191,197,149,112,0,63,61,52,66,81,0,0,107,2,2,0,144,8,0,119,2,45,40,42,17,0,28,5,34,34,33,0,0,49,0,21,30,41,0,0,34,5,28,31,20,0,0,57,5,-2,31,21,25,0,23,5,20,25,20,0,0,61,2,31,23,36,0,0,43,4,22,35,31,0,0,0,84,7,31,2,77,0,48,4,47,52,34,34,0,62,5,70,64,9,0,0,0,201,40,74,80,86,0,86,8,67,62,91,0,0,0,140,10,78,74,0,0,196,15,85,1,172,0,0,161,16,83,100,76,0,0,175,13,91,0,188,0,0,169,0,89,0,224,0,0,189,15,95,101,109,3,0,172,18,96,94,78,0,0,219,7,123,84,123,0,0,209,13,58,102,72,0,0,0,204,0,96,81,0,0,166,-10,83,69,66,0,0,167,5,53,70,62,0,0,121,1,47,61,47,0,0,38,10,69,73,55,0,0,0,103,43,58,45,0,0,111,4,40,0,111,0,0,0,0,0,0,0,0,0,0,0,0,181,184,0,0,0,0,0,0,0,0,0,0,0,0,0,334,0,0,0,0,0,0,0,0,0,0,0,0,220,106,0,0,0,0,0,0,0,0,0,0,0,0,179,226,0,0,0,0,0,0,0,0,0,0,0,0,300,0,0,0,0,0,0,109,161,0,0,0,0,0,0,0,0,0,0,0,0,429,322,0,0,0,0,0,0,0,0,0,0,0,0,443,340
0,0,0,0,0,0,0,0,0,0,0,0,0,0,0,0,0,0,0,0,0,0,0,0,0,0,0,0,0,0,0,0,0,0,0,0,0,0,0,0,0,0,0,0,0,0,0,1,0,0,4,5,11,14,25,28,55,52,54,102,124,157,235,265,352,382,412,489,626,727,737,831,924,1025,1271,943,1052,912,936,956,989,881,769,791,477,524,534,985,617,533,635,543,444,412,456,340,433,364,366,293,285,339,273,584,222,318,227,177,190,216,202,156,263,173,130,486,191,66,75,76,163,93,125,27,180,20,91,72,50,123,79,54,121,27,21,83,61,41,59,14,150,14,27,35,47,18,32,19,68,37,36,62,22,33,23,21,27,31,-39,17,24,80,14,38,17,22,21,23,40,11,15,23,11,19,9,27,11,19,11,12,43,9,11,10,17,10,14,1,17,3,9,13,0,6,33,5,3,9,2,9,6,8,2,18,11,7,7,12,5,-2,-4,6,12,1,29,6,0,3,1,18,48,9,6,4,6,5,0,15,14,4,0,0,4,0,7,8,4,27,15,-4,6,72,104,1,5,14,3,7,9,8,14,8,38,3,14,13,7,12,8,30,5,3,13,8,10,23,9,14,13,16,7,8,23,11,9,8,8,16,10,19,29,6,23,11,10,20,64,15,13,20,20,16,23,14,19,17,22,23,96,31,28,38,44,24,27,23,26,56,38,38,48,48,59,60,62,58,70,61,80,90,68,87,98,88,118,76,124,108,128,129,124,114,133,158,150,149,132,130,125,131,141,153,141,174,120,146,178,146,166,204,165,190,162,200,185,170,240,204,172,188,182,193,215,200,187,164,194,213,180,162,206,185,178,182,172,171,166,150,168,201,179,124,170,172,140,147,156,134,116,134,125,167,158,112,111,106,111,120,105,125,110,117,102,97,117,114,104,94,88,65,79,92,117,68,94,104,63,93,62,91,73,67,25,18,18,255,72,58,81,89,138,53,89,76,83,94,82,72,45,92,56,79,59,81,86,52,94,69,53,67,43,45,63,43,97,61,59,52,39,75,23,69,49,52,50,62,60,55,34,39,43,35,38,42,55,41,37,11,39,34,31,24,26,25,17,20,33,17,27,21,26,15,16,18,25,9,19,56,14,33,11,10,8,13,17,17,10,9,16,2,13,8,7,2,8,18,7,-4,9,5,15,8,4,3,11,2,0,9,4,6,6,4,5,7,2,2,6,11,5,1,5,10,4,4,7,7,3,3,9,7,1,12,2,7,9,9,7,13,6,15,3,35,15,6,10,39,31,12,15,23,9,37,14,19,15,38,17,25,16,30,30,22,7,40,31,24,28,51,28,17,42,29,32,19,69,30,37,20,37,40,34,42,37,19,39,23,56,45,38,41,24,57,16,41,65,48,58,18,23,41,33,40,19,55,28,25,51,41,62,46,18,19,30,43,30,39,53,39,30,23,48,32,39,30,39,3,26,71,23,46,31,50,32,20,37,44,35,40,39,15,22,32,44,33,44,44,17,32,25,35,48,24,21,58,27,49,57,59,50,52,30,32,59,64,54,58,80,50,46,54,65,81,44,80,48,60,49,76,71,93,48,0,43,139,50,167,98,74,77,97,78,105,158,143,190,85,170,78,297,209,238,221,92,66,261,334,265,201,225,93,222,106,305,270,191,231,202,60,68,214,197,164,157,48,134,71,184,150,111,121,34,92,31,135,79,73,78,20,27,68,69,58,59,55,25,44,14,51,38,32,32,12,33,15,36,4,8,24,14,25,6,36,40,28,18,3,4,5,20,20,5,40,10,12,10,14,7,7,16,4,7,13,8,8,9,9,7,7,12,14,15,6,12,0,0,11,35,26,22,10,4,9,15,18,20,22,18,20,10,17,16,18,25,19,11,19,21,29,29,21,24,14,20,33,29,21,29,28,19,9,25,40,31,17,37,0,0,0,34,54,33,29,19,10,18,38,40,25,8,9,0,27,56,32,31,18,0,13,0,9,49,38,18,8,0,5,45,24,22,23,8,0,0,17,38,32,14,0,0,24,45,21,23,22,0,0,23,55,29,32,23,0,0,29,62,36,34,12,0,0,52,60,9,69,31,0,0,21,66,33,48,35,0,0,25,27,53,23,29,0,0,32,56,32,25,17,0,0,39,44,29,39,17,0,0,16,26,52,30,7,0,0,52,56,36,7,40,0,0,22,50,26,19,27,0,0,21,44,26,65,26,0,0,27,44,18,37,32,0,0,0,44,75,59,13,0,0,46,62,46,36,218,0,0,34,64,457,31,11,0,0,-36,40,31,38,32,0,0,35,47,48,17,0,-9,0,16,75,58,29,27,0,0,22,63,72,0,16,0,0,68,76,36,33,34,0,0,40,76,51,35,31,0,0,44,87,49,46,21,0,0,52,114,48,58,43,0,0,0,48,111,74,61,0,0,0,72,119,57,42,0,0,45,92,82,51,52,0,0,0,62,100,11,21,0,0,143,91,38,30,8,0,0,108,77,37,37,32
0,0,0,0,0,0,0,0,0,0,0,0,0,0,0,0,0,0,0,0,0,0,0,0,0,0,0,0,0,0,0,0,0,0,0,0,0,0,0,0,0,0,0,0,0,0,0,0,0,0,0,0,0,0,0,1,0,0,0,0,0,0,0,2,1,2,3,2,1,4,3,9,2,7,5,10,7,11,12,9,9,8,17,14,21,15,11,10,18,18,15,15,14,14,10,22,18,24,14,24,21,18,16,21,21,22,15,14,15,22,13,15,14,15,10,18,11,22,20,11,13,8,10,15,10,8,12,12,3,5,10,11,12,11,6,4,4,1,4,6,2,3,3,5,8,6,7,3,4,2,2,7,5,1,1,5,6,1,5,1,3,3,2,2,4,2,0,0,3,3,3,1,1,0,1,2,4,2,2,1,1,0,0,3,1,1,1,0,1,1,1,2,1,2,2,0,2,1,0,1,3,1,0,3,0,7,2,5,0,3,2,1,1,1,1,1,2,2,2,2,1,2,2,3,1,1,1,1,2,1,1,0,3,0,2,2,5,0,2,4,4,2,1,0,1,1,1,0,2,1,1,2,2,2,2,4,0,2,4,3,2,6,5,7,2,2,2,2,2,1,4,3,3,3,1,2,3,5,3,4,5,3,4,6,1,4,4,5,1,6,4,6,9,5,2,10,8,6,5,7,5,7,10,12,12,12,7,12,9,4,9,7,13,14,12,12,16,15,24,21,15,26,20,19,30,15,16,19,17,15,20,14,11,18,10,17,21,11,13,14,17,11,19,14,13,17,18,13,19,11,13,14,12,21,14,11,10,16,15,8,18,12,24,9,16,8,16,13,11,7,14,7,9,8,11,14,14,7,6,7,12,8,7,10,10,5,7,3,3,8,1,2,6,3,3,2,5,4,3,0,0,0,15,8,9,5,2,0,0,8,7,3,4,4,0,0,9,7,5,6,1,0,0,9,2,0,1,1,0,0,5,5,1,5,6,0,0,-1,3,3,1,2,0,0,0,2,2,4,1,0,0,4,3,4,2,0,0,0,3,1,4,1,2,0,0,7,3,1,3,2,0,0,3,4,2,2,2,0,0,1,2,0,0,1,0,0,1,2,1,0,0,0,0,0,4,0,3,2,0,0,0,2,3,0,0,0,0,0,1,0,1,0,0,0,0,2,0,1,1,0,0,0,0,2,0,0,0,0,0,0,0,0,0,0,0,1,0,1,4,0,0,0,1,1,0,1,0,0,0,0,0,0,0,1,0,0,0,0,3,0,0,0,0,0,1,0,0,0,0,0,3,0,1,4,1,0,0,4,2,1,2,2,0,0,5,1,2,0,1,0,0,0,5,2,7,6,0,0,9,6,1,1,2,0,0,3,1,1,3,3,0,0,9,2,2,2,0,0,0,5,2,3,4,2,0,0,0,2,1,3,0,0,0,1,6,2,2,1,0,0,2,2,1,1,0,0,0,1,2,0,0,0,0,0,1,2,3,0,3,0,0,6,5,1,1,3,0,0,7,0,2,0,0,0,0,12,5,3,4,2,0,0,7,1,0,2,6,0,0,12,6,5,5,7,0,0,6,8,9,3,0,0,0,0,28,16,4,0,0,0,0,30,11,5,9,0,0,15,8,7,12,12,0,0,13,12,15,9,16,0,0,13,10,12,13,14,0,0,14,13,5,7,13,0,0,9,2,4,6,1,0,0,12,5,1,3,0,0,0,5,2,0,2,0,0,0,6,1,0,2,2,0,0,2,0,0,2,0,0,0,1,1,4,2,0,0,0,2,0,2,2,3,0,0,83,1,0,0,0,0,0,0,1,1,0,1,0,0,2,0,0,0,0,0,0,2,3,0,0,0,0,0,3,3,0,0,2,0,0,0,1,0,1,2,0,0,2,1,1,0,4,0,0,2,5,2,0,1,0,0,0,3,0,4,8,0,0,0,2,0,1,3,0,0,0,1,0,0,6,0,0,1,3,1,1,0,0,0,3,2,2,2,0,0,0,1,3,0,0,2,0,0,0,0,2,0,2,0,0,0,3,1,2,0,0,0,2,0,1,1,1,0,0,1,1,2,0,0,0,0,0,0,0,0,2,0,0,0,0,0,0,0,0,0,0,0,0,4,0,0,0,0,0,0,7,0,0,0,0,0,0,2,0,0,0,0,0,0,7,0,0,0,0,0,0,9,0,0,0,0,0,0,6,0,0,0,0,0,0,2,0,0,0,0,0,0,5,0,0,0,0,0,0,7,0,0,0,0,0,0,5,0,0,0,0,0,0,10,0,0,0,0,0,0,9,0,0,0,0,0,0,20,0,0,0,0,0,0,6,0,0,0,0,0,12,0,0,0,0,0,0,0,3,0,0,0,0,0,0,16,0,0,0,0,0,0,15,0,0,0,0,0,0,-7,0,0,0,0,0,0,0,0,0,0,0,0,0,19,0,0,0,0,0,0,9,0,0,0,0,0,0,14,0,0,0,0,0,0,9,0,0,0,0,0,0,12,0
0,0,0,0,0,0,0,0,0,0,0,0,0,0,0,0,0,0,0,0,0,0,0,0,0,0,0,0,0,0,0,0,0,0,0,0,0,0,0,0,0,0,0,0,0,0,0,0,1,0,0,0,0,0,2,7,4,6,5,0,7,8,8,16,5,11,7,24,28,24,21,17,10,18,100,33,17,37,13,4,32,60,27,35,63,23,14,88,23,50,33,18,8,9,79,41,65,31,37,8,7,62,53,28,28,45,3,3,38,54,19,28,43,10,12,39,26,22,78,33,14,5,21,48,37,40,14,17,49,41,8,21,26,25,4,2,28,77,44,46,43,29,4,43,35,46,30,31,6,1,5,47,3,47,25,6,2,6,21,22,22,8,0,3,18,21,23,8,35,31,7,23,28,37,14,27,37,5,3,77,81,26,82,51,4,11,54,79,29,81,73,15,2,79,63,42,91,69,13,30,122,105,82,35,96,33,25,67,55,55,94,94,40,24,106,49,82,78,105,28,29,100,62,73,63,46,60,7,26,58,76,42,41,46,20,44,22,55,62,63,3,2,69,96,47,58,40,32,15,33,27,42,43,27,29,30,37,30,35,54,45,23,13,25,16,22,64,51,31,19,17,30,25,37,42,1,18,17,32,47,32,24,2,18,480,43,56,30,39,1,29,53,76,75,24,51,1,10,41,57,37,40,37,19,17,6,76,39,44,44,18,10,63,52,81,77,68,13,45,22,48,54,56,44,1,28,56,68,66,38,49,2,16,64,56,63,49,54,4,7,83,67,88,24,2,4,7,101,93,65,84,143,1,17,187,141,172,163,153,5,64,212,206,111,171,186,4,53,179,161,184,159,210,2,44,208,137,169,102,232,2,38,171,120,92,195,142,21,57,246,99,130,207,132,2,91,92,137,135,20,75,1,81,104,145,125,65,90,1,42,30,58,81,47,52,-1,47,25,72,61,44,66,0,26,32,72,91,98,77,0,36,25,68,64,57,34,2,0,26,67,69,50,64,0,35,25,52,62,56,39,1,26,14,31,46,42,56,2,34,18,71,60,32,22,0,15,14,32,21,43,31,-1,1,23,41,18,32,23,1,0,26,37,22,46,24,0,0,38,36,39,46,17,0,0,1,29,33,42,44,0,0,38,25,45,34,30,0,0,13,57,30,34,27,-1,0,11,21,17,2,24,0,0,19,11,5,15,0,0,0,14,10,3,16,0,0,13,26,2,19,12,0,0,6,7,22,12,9,0,0,14,16,10,11,11,0,0,22,25,12,32,35,0,0,29,31,32,35,49,0,0,36,46,43,48,48,0,0,64,46,91,92,61,0,0,88,99,130,136,114,0,0,0,222,50,193,156,0,0,159,128,235,197,117,0,0,195,179,182,205,140,0,0,142,137,176,151,158,0,0,203,180,195,191,131,0,0,0,193,92,138,209,0,0,166,136,158,110,175,0,0,120,98,113,89,126,0,0,109,63,73,83,90,0,0,0,164,102,0,112,0,0,10,30,126,67,68,0,0,74,62,60,0,0,0,0,113,39,61,39,45,0,0,36,33,31,43,25,0,0,37,22,19,10,83,0,0,44,41,45,45,40,0,0,37,51,57,64,25,0,0,0,51,27,0,0,0,0,173,50,57,74,53,0,0,69,33,42,134,88,0,0,95,99,115,115,150,0,0,108,77,110,131,108,0,0,143,120,185,109,117,0,0,142,117,129,144,149,0,0,139,89,110,99,122,0,0,99,114,72,107,74,0,0,66,98,80,103,64,0,0,54,47,73,77,63,0,0,69,39,43,48,65,0,0,54,43,55,64,70,0,0,70,50,48,45,62,0,0,37,28,31,48,47,0,0,0,0,136,0,0,0,0,0,0,147,0,0,0,0,0,0,163,0,0,0,0,0,0,117,0,0,0,0,0,0,72,-1,0,0,0,0,0,41,0,0,0,0,0,0,44,0,0,0,0,0,0,52,-4,0,0,0,0,0,70,0,0,0,0,0,0,87,0,0,0,0,0,0,132,0,0,0,0,0,0,106,0,0,0,0,0,0,136,0,0,0,0,0,0,112,0,0,0,0,0,0,117,0,0,0,0,0,0,123,0,0,0,0,0,0,146,0,0,0,0,0,0,153,0,0,0,0,0,0,160,0,0,0,0,0,0,140,0,0,0,0,0,0,103,0,0,0,0,0,0,150,0,0,0,0,0,0,146,0,0,0,0,0,0,110,0,0,0,0,0,0,93,0,0,0,0,0,0,74,0,0,0,0,0,0,104,0,0,0,0,0,0,74,0,0,0,0,0,0,70,0,0,0,0,0,0,107,0,0,0,0,0,0,112,0,0,0,0,0,0,109,0,0,0,0,0,0,46,0,0,0,0,0,0,0,102,0,0,0,0,0,72,0,0,0,0,0,0,117,0,0,0,0,0,0,56,0,0,0,0,0,0,103,0,0,0,0,0,0,128,0,0,0,0,0,0,124,0,0,0,0,0,0,143,0,0,0,0,0,0,139,0,0
0,0,0,0,0,0,0,0,0,0,0,0,0,0,0,0,0,0,0,0,0,0,0,0,0,0,0,0,0,0,0,0,0,0,0,0,0,0,0,0,0,0,0,0,0,0,0,0,0,0,0,0,0,0,0,0,0,0,0,1,0,0,0,0,1,0,1,0,0,0,2,2,2,0,0,4,8,0,1,1,0,2,7,0,5,1,0,4,0,6,3,2,0,7,0,0,0,12,9,3,2,0,6,0,22,7,10,2,0,9,8,1,8,12,1,0,0,18,9,5,4,1,1,4,9,9,6,0,7,0,11,9,8,5,5,3,0,0,15,7,7,3,2,0,6,4,1,6,2,0,0,4,4,10,8,2,0,0,4,2,2,1,3,2,1,2,2,1,3,1,0,0,1,2,1,0,1,2,0,2,2,3,2,2,0,0,0,2,4,0,1,1,0,1,0,1,0,0,0,0,0,1,2,1,0,0,0,1,3,1,0,1,0,0,0,0,2,1,0,0,0,0,0,0,0,0,1,0,0,0,1,0,1,1,0,2,0,0,0,0,0,0,0,0,0,0,1,0,0,0,0,2,1,0,1,0,3,0,2,2,5,1,0,0,2,5,2,1,0,2,0,1,1,1,2,0,2,0,3,4,0,1,0,0,0,1,2,2,1,0,0,0,3,3,3,1,0,1,2,2,2,1,1,4,0,1,1,0,3,6,3,0,2,9,7,8,7,5,2,0,4,14,6,10,3,1,0,21,4,9,12,6,0,0,21,13,0,11,7,7,20,6,18,0,10,11,1,11,24,11,19,16,7,0,9,7,12,11,19,6,0,5,12,12,9,10,6,3,4,12,16,14,6,15,2,0,17,9,6,7,6,2,3,7,1,9,4,3,2,1,12,2,2,1,1,0,1,2,6,4,3,0,0,0,5,3,0,3,3,0,1,2,4,4,4,0,0,3,0,5,6,4,0,0,1,10,1,2,4,2,0,0,1,7,0,2,2,0,0,1,1,2,3,1,0,0,4,3,2,0,4,0,1,2,1,7,1,2,0,10,2,5,2,1,1,0,2,1,3,0,3,1,0,3,4,4,3,2,1,1,6,1,1,0,3,0,0,0,2,3,2,1,1,0,0,0,1,1,0,0,2,0,0,3,0,0,0,3,1,0,2,1,0,0,0,1,1,0,2,0,0,0,0,1,0,0,0,0,0,1,1,0,1,0,0,0,6,0,0,0,0,0,1,2,0,1,0,0,0,0,1,0,1,0,0,0,0,1,1,0,0,0,0,0,2,2,1,1,0,0,0,1,0,1,0,0,0,5,3,3,2,5,0,0,1,1,3,1,5,0,0,0,4,1,5,5,0,0,2,5,4,0,5,0,0,1,4,4,3,3,0,0,0,5,2,2,0,0,0,4,5,3,4,0,0,0,1,11,2,5,4,0,0,4,8,5,2,4,0,0,0,0,1,0,0,0,0,24,4,9,11,5,0,0,2,14,4,0,5,0,0,8,9,9,8,6,0,0,10,6,5,0,0,0,0,11,22,9,7,7,0,0,-6,24,11,5,8,0,0,7,22,7,11,8,0,0,7,25,7,2,0,0,0,30,28,15,11,0,0,0,12,31,9,4,2,0,0,8,5,0,19,28,0,0,0,6,24,14,12,0,0,10,25,3,20,12,0,0,4,14,9,7,7,0,0,14,10,14,4,6,0,0,0,22,10,0,7,0,0,0,0,35,2,3,0,0,4,10,9,2,4,0,0,1,5,0,6,0,0,1,2,7,4,3,3,0,0,2,6,0,3,0,0,0,2,4,1,0,0,0,0,0,0,0,0,6,0,0,1,4,0,1,0,0,0,1,6,1,0,3,0,0,0,2,1,1,1,0,0,1,5,1,0,0,0,0,1,4,1,6,1,0,0,0,13,2,0,0,0,0,9,2,2,3,3,0,0,0,3,2,0,4,0,0,4,8,0,0,7,0,0,2,0,1,3,2,0,0,0,2,0,0,2,0,0,2,3,3,3,1,0,0,0,3,5,0,8,0,0,2,0,0,5,0,0,0,1,4,1,3,0,0,0,0,5,0,2,2,0,0,1,0,3,2,1,0,0,1,1,1,3,0,0,0,1,3,2,0,1,0,0,0,5,0,0,5,0,0,0,4,1,0,0,0,0,0,4,0,4,0,1,0,0,0,5,2,4,0,0,2,3,1,2,2,0,0,4,4,3,2,0,0,0,0,3,0,1,0,0,0,0,4,0,2,0,0,0,4,2,4,3,3,0,0,1,1,4,0,8,0,0,6,3,7,3,5,0,0,3,4,6,1,0,0,0,4,3,4,3,2,0,0,2,2,3,0,0,0,0,6,2,2,5,2,0,0,1,3,1,1,3,0,0,2,1,1,3,3,0,0,1,1,3,3,1,0,0,0,0,1,0,4,0,0,0,3,7,2,5,0,0,4,2,8,5,7,0,0,0,4,5,9,3,0,0,4,3,2,3,0,0,0,0,10,5,2,0
0,0,0,0,0,0,0,0,0,0,0,0,0,0,0,0,0,0,0,0,0,0,0,0,0,0,0,0,0,0,0,0,0,0,0,0,0,0,0,0,0,0,0,0,0,0,0,0,0,0,0,0,0,0,0,0,0,0,0,0,0,2,1,1,1,2,0,5,2,7,6,7,4,7,8,13,10,7,6,0,5,18,18,20,27,10,13,18,27,20,16,13,11,19,16,23,19,24,13,12,3,8,30,20,21,17,21,13,11,25,25,16,26,9,10,7,0,33,8,41,3,6,6,11,43,32,43,10,8,11,13,38,7,9,13,4,9,27,22,16,15,6,5,8,29,12,7,14,13,30,33,18,29,11,12,5,-1,5,23,18,11,10,3,1,9,14,16,15,20,16,9,7,42,18,18,16,25,4,25,28,27,24,33,22,6,21,22,28,34,20,37,4,60,18,24,41,34,24,8,7,39,42,7,26,30,4,1,48,35,34,29,27,10,4,35,36,24,22,31,9,10,39,38,24,36,50,1,7,12,49,32,33,24,5,8,51,38,31,27,28,8,4,39,30,40,53,31,1,4,49,38,47,29,21,5,3,33,23,29,25,18,5,3,43,40,18,36,19,5,5,53,40,50,32,30,13,13,41,34,38,49,46,5,7,67,50,41,34,23,2,8,45,38,8,14,36,50,8,38,46,38,43,26,29,5,35,64,0,72,9,21,21,23,82,44,57,49,27,17,45,56,53,38,44,27,32,26,98,86,60,59,40,16,51,69,0,0,166,23,12,13,155,19,0,144,18,31,55,80,137,115,97,142,11,60,107,80,108,83,67,0,56,61,139,125,122,109,25,56,139,131,111,130,48,7,67,169,150,113,85,57,8,55,135,113,82,77,38,10,61,108,96,54,76,30,8,31,109,63,49,26,0,42,34,75,36,47,56,0,33,17,43,27,41,28,0,18,13,35,26,22,15,0,16,18,40,93,41,0,0,57,2,25,24,0,0,0,37,16,23,12,24,0,0,42,15,20,34,28,0,0,31,19,43,25,18,0,0,37,23,36,12,20,0,0,40,9,21,17,42,0,0,10,11,29,23,9,0,0,29,20,27,12,8,0,0,29,17,27,24,23,0,0,0,23,9,20,21,0,0,48,13,18,16,19,0,0,27,4,18,6,20,0,0,28,14,11,15,4,0,0,8,4,13,-3,0,0,0,0,21,5,15,8,0,0,16,4,9,7,4,0,0,12,6,9,12,8,0,0,10,10,16,12,17,0,0,35,9,21,24,12,0,0,23,9,22,16,20,0,0,54,15,57,53,54,0,0,61,32,60,60,47,0,0,93,56,61,96,83,0,0,0,123,63,110,71,0,0,172,58,100,115,95,0,0,161,35,130,71,96,0,0,127,50,159,80,81,0,0,114,45,181,74,85,0,0,103,26,97,80,46,0,0,80,39,65,56,69,0,0,102,21,47,42,73,0,0,54,26,61,20,40,0,0,66,19,35,0,40,0,0,26,25,52,48,35,0,0,33,12,34,0,0,0,0,38,26,36,31,18,0,0,35,20,43,32,21,0,0,34,23,37,29,22,0,0,46,16,50,0,0,0,0,0,75,31,60,27,0,0,31,37,48,44,33,0,0,66,21,57,87,53,0,0,0,97,37,71,85,0,0,96,46,105,77,78,0,0,162,60,87,123,70,0,0,152,76,157,98,85,0,0,116,54,133,93,87,0,0,89,59,94,59,51,0,0,70,38,63,54,38,0,0,39,15,47,28,30,0,0,39,5,0,64,28,0,0,20,13,39,29,15,0,0,16,4,9,4,8,0,0,21,3,18,0,0,0,0,0,0,77,0,0,0,0,0,0,29,0,0,0,0,0,0,42,0,0,0,0,0,0,1172,0,0,0,0,0,0,11,0,0,0,0,0,0,39,0,0,0,0,0,0,17,0,0,0,0,0,0,16,0,0,0,0,0,0,434,0,0,0,0,0,0,46,0,0,0,0,0,0,11,0,0,0,0,0,0,58,0,0,0,0,0,0,48,0,0,0,0,0,0,138,0,0,0,0,0,0,40,0,0,0,0,0,0,48,0,0,0,0,0,0,204,0,0,0,0,0,0,37,0,0,0,0,0,0,36,0,0,0,0,0,0,83,0,0,0,0,0,0,492,0,0,0,0,0,0,30,0,0,0,0,0,0,49,0,0,0,0,0,0,44,0,0,0,0,0,0,67,0,0,0,0,0,0,327,0,0,0,0,0,0,33,0,0,0,0,0,0,0,0,0,0,0,0,0,68,0,0,0,0,0,0,281,0,0,0,0,0,0,24,6,0,0,0,0,0,41,0,0,0,0,0,0,42,0,0,0,0,0,0,24,0,0,0,0,0,0,162,0,0,0,0,0,0,47,0,0,0,0,0,0,49,0,0,0,0,0,0,0,0,0,0,0,0,0,70,0,0,0,0,0,0,209,0,0,0,0,0,0,59,0,0,0,0,0,0,73,0,0,0,0,0,0,62,0,0
0,0,0,0,0,0,0,0,0,0,0,0,0,0,0,0,0,0,0,0,0,0,0,0,0,0,0,0,0,0,0,0,0,0,0,0,0,0,0,0,0,0,0,0,0,0,1,0,0,0,0,1,0,2,3,6,3,6,7,11,20,21,28,32,51,27,49,98,110,205,136,242,126,152,296,341,276,279,325,242,167,415,410,422,371,288,336,173,296,433,306,290,271,56,143,431,350,483,335,230,154,63,344,324,273,175,170,157,91,203,192,241,206,118,105,82,149,171,103,146,100,58,14,53,149,75,127,105,68,29,52,111,95,82,58,71,39,93,76,67,50,135,39,50,86,43,35,33,23,17,38,53,51,-72,42,34,27,17,43,43,29,57,25,22,18,52,51,116,31,46,0,35,22,52,31,19,15,7,9,22,-30,23,35,11,11,17,21,-27,11,10,11,6,10,11,-15,7,0,20,5,4,12,-5,8,10,7,2,4,9,1,6,9,2,3,0,7,-39,7,9,3,4,8,5,14,7,7,7,4,2,5,12,6,9,4,4,3,9,11,3,4,3,3,2,7,6,9,6,6,3,1,10,5,18,-9,4,1,2,9,5,9,3,7,3,1,7,9,6,5,2,7,3,13,18,18,10,8,4,7,14,18,8,7,11,4,3,14,20,12,13,9,4,11,21,15,19,27,26,18,14,38,37,34,23,34,15,11,47,67,39,17,23,13,15,90,62,64,46,51,15,15,90,116,66,54,70,19,24,97,131,77,44,49,21,29,103,140,78,51,18,17,21,126,175,90,118,27,21,17,157,141,123,110,98,0,0,185,122,0,159,94,25,19,54,152,96,115,59,17,21,133,115,81,82,72,29,29,71,109,100,93,78,25,22,92,147,79,64,47,14,12,31,135,89,63,50,24,16,104,99,70,45,46,14,21,48,128,42,30,36,17,16,45,133,46,40,34,15,22,41,79,31,27,31,40,7,61,50,38,28,24,7,15,82,75,30,24,17,5,12,51,49,34,43,33,11,26,49,61,47,41,40,9,18,45,65,30,27,39,13,19,61,49,20,25,34,12,16,42,49,33,29,22,10,9,31,41,24,26,20,9,14,23,32,23,17,14,7,9,24,35,14,12,16,6,5,7,28,6,12,8,6,6,0,31,6,2,0,6,4,11,12,7,4,4,2,3,15,18,6,12,6,3,1,6,13,5,5,5,1,4,0,13,3,3,5,4,4,7,11,2,2,5,3,6,12,5,2,4,5,2,4,7,3,1,5,7,5,-1,8,11,4,7,9,5,0,9,6,7,9,11,3,1,19,6,10,8,11,2,3,20,21,11,19,18,5,15,18,20,17,10,13,6,4,26,29,17,15,15,4,21,22,21,26,17,17,8,12,38,24,24,19,16,5,18,34,20,27,16,22,7,16,37,17,9,19,20,7,6,21,29,20,19,28,5,12,31,15,22,23,20,3,12,33,33,20,12,11,0,8,24,7,0,51,18,5,7,27,15,12,6,17,3,5,23,20,10,13,7,4,11,30,12,16,3,9,4,9,42,19,11,14,18,5,8,29,24,8,17,25,8,13,24,30,16,16,33,6,16,32,28,32,26,6,7,8,48,50,33,37,16,3,17,78,58,106,59,70,12,38,140,103,116,106,120,10,30,51,145,161,142,128,13,40,151,143,115,112,71,21,30,115,106,106,99,80,18,21,107,93,73,59,55,6,19,84,61,65,38,0,0,64,20,69,0,57,31,6,21,36,15,16,17,6,6,16,23,4,13,20,15,4,8,12,10,13,6,12,2,9,8,6,3,8,7,1,6,8,5,2,6,7,0,14,5,14,11,5,4,0,10,-2,9,7,12,3,-1,0,13,7,7,8,3,2,19,12,9,7,2,4,1,14,11,12,7,8,5,1,7,8,14,12,8,6,2,8,18,15,9,8,7,0,9,21,11,14,13,15,0,3,6,25,15,13,5,4,9,19,19,10,10,20,1,7,20,17,16,8,6,3,10,10,17,14,14,7,2,4,16,13,13,8,7,0,1,1,17,8,8,8,2,3,14,7,12,7,7,0,4,11,15,7,10,11,1,4,18,13,3,10,0,0,4,20,17,13,6,9,2,6,3,29,10,11,6,2,0,10,11,15,7,9,5,6,13,17,15,8,9,0,3,13,17,5,10,6,0,0,1,17,7,11,4,4,5,10,8,8,5,5,4,7,10,5,6,6,9,1,3,6,6,7,6,6,0,4,5,7,6,6,11,2,1,0,13,5,5,7,0,2,10,11,7,6,2,0,2,2,13,12,7,8,0,1,6,9,6,5,0,7,2,12,6,14,14,0,0,2,15,14,13,14,0,0,6,15,14,0,0,0,0,14,17,19,15,17,0,0,8,17,17,10,22,0,0,10,23,22,21,12,0,0,38,21,5,21,17,0,0,0,9,25,27,24,0,0,0,21,24,21,13,0,0,15,17,16,15,18,0,0,0,14,15,14,12,0,0,13,11,12,10,3,0,0,6,14,12,8,7
0,0,0,0,0,0,0,0,0,0,0,0,0,0,0,0,0,0,0,0,0,0,0,0,0,0,0,0,0,0,0,0,0,0,0,0,0,0,0,0,0,0,0,0,0,0,0,0,1,1,0,0,0,1,0,2,0,1,1,0,4,9,-1,12,13,3,4,18,388,22,29,31,36,31,59,16,75,-6,24,34,33,29,28,30,26,14,18,41,32,21,60,17,15,13,24,18,12,12,16,11,10,21,10,15,16,14,12,5,7,26,12,20,27,14,8,11,16,9,5,14,7,3,4,15,13,6,7,3,4,6,6,9,11,2,3,4,6,1,5,4,1,1,2,4,3,6,3,2,2,2,4,5,0,4,3,3,1,5,4,7,7,3,5,1,5,6,8,2,4,2,1,13,7,5,7,7,3,4,6,13,4,0,5,1,2,4,3,5,0,3,2,0,1,2,6,4,1,3,1,7,2,0,3,2,2,2,5,2,2,5,6,2,4,8,8,3,5,5,3,0,2,3,8,3,2,6,0,5,10,3,3,6,1,1,3,3,3,5,5,7,2,5,4,9,4,7,4,3,9,3,3,4,6,6,7,6,5,9,9,4,3,5,6,6,9,13,17,9,24,34,23,20,29,22,23,11,44,32,45,30,25,25,20,45,52,30,55,37,30,27,57,51,56,70,66,28,41,90,70,66,65,52,35,39,78,100,75,36,92,62,31,96,80,50,87,75,36,24,79,45,53,54,47,22,25,50,45,30,40,26,12,15,38,26,25,25,15,11,11,47,17,29,23,15,16,13,39,20,19,28,17,13,16,25,28,18,27,20,6,4,18,12,18,8,16,7,4,20,10,11,7,11,7,2,8,15,9,10,8,7,2,9,9,7,4,6,2,3,8,12,9,5,4,4,2,11,2,5,6,6,4,2,4,4,8,3,1,6,3,10,3,3,6,6,5,2,4,4,3,7,2,2,3,2,5,4,2,5,1,4,9,5,11,6,8,8,5,6,9,8,8,3,8,5,9,10,13,4,14,6,10,11,5,18,14,17,8,8,10,5,13,11,11,9,3,12,9,14,7,8,8,8,13,9,10,7,13,5,7,9,10,4,7,3,6,11,11,1,4,8,10,8,2,9,9,10,9,4,2,5,6,4,3,4,4,3,6,6,5,11,7,4,2,3,5,2,0,10,7,3,7,12,4,3,3,3,1,2,6,4,5,8,3,2,7,6,6,8,6,3,3,9,6,4,7,9,3,5,3,6,5,12,9,11,7,10,8,7,8,16,5,6,10,12,10,15,13,14,4,12,22,10,7,11,12,10,5,17,15,19,15,12,5,13,19,20,17,22,27,9,11,13,20,23,11,16,8,10,19,32,18,22,19,15,11,30,23,16,16,23,15,18,23,23,34,15,30,16,13,36,31,24,19,32,15,16,31,21,20,32,31,33,17,40,40,32,34,48,24,22,47,47,28,40,37,18,24,46,41,42,37,49,33,24,48,38,43,53,35,28,29,62,44,45,32,23,18,28,55,42,38,22,36,23,30,34,35,27,37,38,18,23,49,25,27,36,22,9,16,28,31,17,24,26,20,21,24,29,21,19,4,12,21,53,38,37,36,27,9,25,81,51,50,58,49,30,27,79,67,42,57,63,14,21,55,56,36,35,33,29,25,59,27,31,36,30,21,15,35,28,13,21,25,22,7,25,16,18,15,13,6,9,12,12,9,11,4,5,8,5,16,2,8,4,2,3,10,6,5,2,5,4,1,6,5,3,3,3,4,0,6,3,3,1,2,1,2,4,3,1,5,2,0,1,2,2,3,3,1,0,0,3,1,2,4,1,0,3,8,2,1,3,0,0,0,3,3,3,2,4,3,1,5,3,1,3,0,0,0,6,2,3,8,7,2,3,6,3,5,9,5,2,1,7,2,8,5,7,2,2,9,3,9,9,5,2,5,5,15,9,9,14,3,7,9,6,5,10,9,2,4,20,11,4,9,8,8,6,11,6,10,6,5,1,5,6,14,5,7,3,2,2,4,16,7,11,3,3,4,11,4,2,13,15,6,2,10,1,5,6,6,4,3,7,3,4,2,0,1,0,8,5,3,2,4,0,3,3,4,4,0,2,0,0,2,0,0,4,0,0,2,0,8,5,6,8,0,0,5,6,4,4,7,0,0,5,0,10,0,15,0,0,4,9,10,6,4,0,0,6,7,7,3,9,0,0,10,6,12,7,9,0,0,0,3,15,-1,0,0,0,6,9,6,11,0,0,0,5,3,5,6,3,0,0,5,5,5,13,0,0,0,6,8,1,9,10,0,0,6,10,8,8,1,0,0,3,19,2,14,6,0,0,3,29,14,0,14,0,0,0,23,0,18,5,0,0,20,16,14,15,7,0,0,11,25,3,8,22,0,0,12,11,13,5,27,0,0,2,0,23,8,8,0,0,0,6,1,4,6,0,0,24,4,8,3,2,0,0,12,-18,51,0,0,0,0,10,0,29,0,0,0,0,8,2,12,0,0
0,0,0,0,0,0,0,0,0,0,0,0,0,0,0,0,0,0,0,0,0,0,0,0,0,0,0,0,0,0,0,0,0,0,0,0,0,0,0,0,0,0,0,0,0,0,0,0,0,0,0,0,0,0,0,1,1,0,1,0,1,0,0,1,0,5,5,3,13,5,7,11,13,24,12,21,14,33,35,30,26,40,9,8,15,87,40,121,70,46,50,50,77,35,35,71,62,62,-60,171,30,36,73,47,66,57,54,30,39,73,53,57,45,46,35,31,58,42,36,48,36,34,25,31,59,36,38,43,23,20,45,44,27,34,38,9,27,35,33,31,25,26,13,8,35,14,20,14,22,14,8,18,16,21,13,15,11,7,15,15,7,11,13,7,3,20,9,13,15,7,9,6,9,7,6,12,9,9,5,20,3,4,13,11,7,7,11,20,10,5,13,9,8,7,6,15,14,12,8,6,13,8,8,11,5,3,2,9,11,8,5,11,6,3,13,10,5,5,19,6,3,6,5,12,11,7,3,5,3,9,8,4,8,2,1,10,6,6,8,7,3,4,12,7,7,8,8,10,3,8,3,0,1,7,1,3,6,6,6,11,5,4,4,9,10,6,4,4,1,4,9,8,12,8,13,5,3,9,7,12,10,10,5,3,7,10,10,12,7,11,9,12,16,12,12,20,9,7,26,16,21,26,17,19,14,33,37,29,22,33,23,16,32,42,49,26,30,26,19,51,46,50,52,36,17,25,64,64,49,39,54,36,23,48,49,59,32,21,32,28,63,45,47,47,25,27,33,55,50,41,43,30,26,29,66,37,45,45,47,26,29,54,39,46,57,45,28,35,63,33,41,39,31,20,27,34,32,31,36,42,20,23,41,33,21,36,33,18,26,32,18,31,16,20,18,17,30,27,16,33,18,13,10,26,14,3,8,11,14,8,25,14,12,16,8,10,7,25,19,14,19,26,12,14,11,19,3,15,14,5,9,13,13,17,16,23,8,13,15,11,21,14,20,11,15,14,9,19,16,17,17,12,18,13,20,8,15,13,9,18,21,9,26,20,12,12,15,10,9,11,10,8,10,9,9,17,12,17,4,3,13,12,2,14,17,17,15,7,8,544,11,7,8,7,2,6,4,4,9,6,4,4,5,9,10,6,3,2,1,6,3,4,5,0,0,8,7,7,1,4,3,2,1,1,3,2,3,0,2,3,1,3,3,1,0,-1,4,4,4,5,2,1,1,6,4,6,3,5,1,1,2,3,5,0,7,3,1,6,5,2,4,3,8,4,8,1,3,5,9,4,5,3,8,9,6,16,5,5,8,11,-4,8,12,12,9,10,10,16,11,10,12,14,7,21,9,15,20,17,13,16,12,21,12,13,0,0,46,23,16,14,7,15,11,18,13,16,18,14,4,13,21,21,17,13,20,10,7,27,17,20,18,21,5,14,13,22,14,14,11,10,5,16,13,14,11,17,13,13,5,12,14,17,9,9,14,11,15,6,10,20,11,7,7,11,10,6,9,10,8,16,3,0,0,30,8,4,16,14,9,11,15,0,0,0,0,0,0,0,0,0,0,0,0,0,0,0,0,0,0,0,0,0,0,0,417,31,55,0,0,112,26,48,49,55,59,51,53,47,70,87,65,71,57,58,52,68,80,77,79,79,22,35,75,47,54,53,45,33,19,48,40,39,44,36,33,21,42,40,37,10,31,12,8,14,26,16,7,15,8,0,38,13,14,15,14,14,3,13,11,14,11,5,7,5,18,12,11,8,12,12,2,8,9,2,4,7,5,6,-1,8,5,2,6,2,1,4,12,2,2,0,0,14,2,2,3,3,0,0,6,8,6,4,3,0,0,3,6,5,6,4,0,0,3,9,7,8,7,0,0,6,15,3,2,4,0,0,9,10,5,9,1,0,0,4,18,3,2,4,0,0,4,14,12,11,2,0,0,0,3,16,7,9,0,0,5,17,3,6,11,0,0,7,16,8,9,8,0,0,0,10,23,4,4,0,0,5,13,6,5,5,0,0,0,11,21,2,7,0,0,3,14,10,5,10,0,0,5,13,2,7,8,0,0,7,23,20,11,0,0,0,11,11,11,0,5,0,0,4,15,11,12,6,0,0,4,21,9,8,6,0,0,7,12,8,11,6,0,0,8,16,13,6,5,0,0,0,7,21,7,13,0,0,10,17,11,9,7,0,0,10,18,11,7,4,0,0,9,16,10,4,9,0,0,3,10,6,1,4,0,0,0,4,28,9,5,0,0,9,16,3,2,7,0,0,7,17,1,8,11,0,0,8,9,11,7,7,0,0,1,0,10,10,0,0,0,5,25,8,5,3,0,0,8,18,5,0,0,0,0,11,23,10,11,3,0,0,8,19,10,7,8,0,0,8,17,5,11,8,0,0,2,28,9,10,7,0,0,0,0,34,14,14,0,0,0,6,33,17,13,0,0,11,27,9,7,13,0,0,0,14,39,8,9,0,0,18,24,7,5,10,0,0,9,17,13,12,9
0,0,0,0,0,0,0,0,0,0,0,0,0,0,0,0,0,0,0,0,0,0,0,0,0,0,0,0,0,0,0,0,0,0,0,0,0,0,0,0,0,0,0,0,0,0,0,0,0,0,0,0,1,0,0,0,1,0,0,2,0,2,4,0,0,5,0,11,5,7,5,3,0,0,26,0,9,9,12,10,2,12,5,6,5,9,7,1,4,9,23,2,8,1,0,13,11,13,3,9,3,7,5,19,8,-3,19,-3,2,9,10,2,10,4,3,8,0,19,6,3,1,-7,14,0,8,4,0,11,0,0,0,14,-1,6,1,1,4,4,3,10,2,1,1,2,2,6,2,4,7,1,2,3,2,1,3,2,0,4,3,4,14,3,2,4,3,11,5,18,8,13,1,0,19,6,8,11,9,1,1,28,28,5,13,10,2,5,20,21,21,29,2,0,15,15,28,10,20,29,8,6,18,15,34,15,24,3,5,25,32,38,13,12,0,3,30,20,21,16,15,0,3,8,23,27,12,13,1,4,0,19,17,10,10,3,4,26,12,12,18,4,3,0,15,10,8,9,9,3,0,8,7,3,6,11,3,0,6,7,13,8,2,2,3,10,17,7,9,0,3,2,15,5,4,2,5,5,1,7,10,3,8,0,4,3,23,7,10,21,5,1,1,7,18,3,13,15,1,8,27,3,6,29,29,6,6,24,24,22,2,24,17,8,20,38,48,22,29,14,4,40,25,50,45,41,19,9,47,56,20,35,43,30,6,38,46,45,27,1,8,21,45,47,59,21,5,32,26,29,60,44,55,56,17,33,46,50,62,40,63,18,5,8,71,47,48,53,15,3,59,46,47,37,46,6,8,46,49,51,39,33,24,2,37,23,55,26,31,15,11,13,41,31,26,37,4,10,21,16,14,9,15,0,0,10,20,18,15,16,1,3,14,13,13,17,20,1,3,14,12,10,4,10,1,2,14,15,12,11,10,0,1,2,10,7,4,14,0,1,22,11,5,10,9,0,0,7,14,6,6,0,0,3,9,11,12,22,0,0,11,11,4,11,5,0,0,9,7,7,3,8,0,0,8,3,6,8,7,0,0,3,7,5,5,2,0,0,7,4,7,8,8,0,0,0,4,3,6,1,0,0,7,3,7,4,1,0,0,4,5,4,7,7,0,0,-3,7,1,10,3,0,0,3,8,3,11,5,0,0,0,5,3,2,13,0,0,10,1,6,15,6,0,0,3,0,28,8,20,0,0,20,17,20,26,12,0,0,6,11,24,26,26,0,0,35,40,16,24,40,0,0,30,33,25,11,21,0,0,26,46,24,22,35,0,0,46,31,29,26,18,0,0,0,21,33,44,21,0,0,26,35,26,32,24,0,0,35,38,30,35,32,0,0,30,28,34,43,16,0,0,22,33,25,0,38,0,0,30,30,22,45,10,0,0,29,15,18,29,10,0,0,24,30,23,31,0,0,0,25,12,9,15,21,0,0,46,19,19,0,11,0,0,36,28,11,16,19,0,0,12,23,19,0,0,0,0,13,32,15,18,20,0,0,40,16,20,7,36,0,0,12,26,17,19,15,0,0,33,28,15,10,0,0,0,3,25,15,13,0,0,0,8,40,20,18,4,0,0,18,33,23,22,21,0,0,1,26,34,21,27,0,0,24,37,40,38,39,0,0,37,61,38,34,60,0,0,42,50,34,41,24,0,0,27,59,25,43,19,0,0,0,46,21,38,51,0,0,40,12,37,21,25,0,0,21,24,31,20,27,0,0,0,0,27,0,0,1,0,0,0,82,0,0,0,0,0,0,60,0,0,0,0,0,0,45,0,0,0,0,0,0,365,0,0,0,0,0,0,183,0,0,0,0,0,0,68,0,0,0,0,0,0,28,0,0,0,0,0,0,18,0,0,0,0,0,0,26,0,0,0,0,0,0,48,0,0,0,0,0,0,24,0,0,0,0,0,0,39,0,0,0,0,0,0,32,0,0,0,0,0,0,39,0,0,0,0,0,0,33,0,0,0,0,0,0,35,0,0,0,0,0,0,67,0,0,0,0,0,0,48,0,0,0,0,0,0,32,0,0,0,0,0,0,36,0,0,0,0,0,0,40,0,0,0,0,0,0,56,0,0,0,0,0,0,22,0,0,0,0,0,0,25,0,0,0,0,0,0,17,0,0,0,0,0,0,0,0,0,0,0,0,0,58,0,0,0,0,0,0,26,0,0,0,0,0,0,15,0,0,0,0,0,0,15,0,0,0,0,0,0,13,0,0,0,0,0,0,11,0,0,0,0,0,0,15,0,0,0,0,0,0,10,0,0,0,0,0,0,20,0,0,0,0,0,0,24,0,0,0,0,0,0,6,0,0,0,0,0,0,27,0,0,0,0,0,0,20,0,0,0,0,0,0,28,0,0,0,0,0,0,46,0,0,0,0,0,0,19,8,0,0,0,0,0,45,0,0,0,0,0,0,11,0,0,0,0,0,0,41,0,0,0,0,0,0,-8,0,0
0,0,0,0,0,0,0,0,0,0,0,0,0,0,0,0,0,0,0,0,0,0,0,0,0,0,0,0,0,0,0,0,0,0,0,0,0,0,0,0,0,0,0,0,0,0,0,0,0,0,0,0,0,0,0,0,1,0,1,0,0,1,0,3,1,1,6,9,-23,32,5,6,1,21,7,7,15,4,3,0,8,15,11,6,1,3,3,4,5,9,4,-2,10,3,3,4,7,4,5,5,1,9,7,13,-2,4,1,1,8,13,9,14,3,5,3,3,4,4,4,2,14,7,2,5,10,3,4,4,0,3,14,7,13,7,9,1,3,14,1,5,27,4,3,8,10,4,12,15,0,2,5,11,14,11,10,7,0,8,12,5,11,13,4,9,7,12,20,25,13,15,3,8,18,16,13,19,23,5,4,24,17,37,13,26,3,11,21,21,13,27,7,6,19,25,27,42,20,9,8,10,38,18,24,13,19,21,21,39,26,36,61,14,4,21,40,20,25,28,24,22,7,27,16,18,22,25,3,4,27,35,57,37,39,14,19,30,24,13,32,20,2,15,28,14,35,42,22,3,12,31,34,47,14,45,17,20,24,21,63,27,26,9,7,23,31,36,7,32,6,13,30,18,41,65,24,31,32,44,34,22,78,12,0,26,75,24,31,32,49,5,15,62,89,27,64,25,16,30,72,53,80,74,9,55,35,73,92,53,7,15,13,48,36,50,93,95,29,38,66,100,62,69,87,73,62,79,74,53,177,115,57,54,65,133,111,51,5,7,69,76,122,100,97,48,15,55,143,99,114,111,126,86,81,80,146,137,84,79,44,36,39,40,86,128,93,42,40,111,192,154,101,44,113,76,103,147,133,169,203,58,6,97,65,100,81,81,9,31,4,17,31,72,7,51,18,20,45,68,55,56,16,18,10,15,23,42,33,9,4,9,32,18,17,16,-12,0,11,12,8,23,28,4,-63,34,44,4,20,25,11,12,29,10,11,6,2,0,7,38,8,21,4,3,8,3,7,10,9,8,14,1,17,15,15,18,12,4,0,6,11,8,17,9,7,-1,1,13,11,16,11,2,0,18,17,4,9,7,10,1,4,12,14,11,16,3,3,6,7,6,23,13,3,2,0,10,9,7,4,0,3,-1,13,2,2,3,-2,0,3,5,2,7,3,2,3,3,10,5,4,7,0,3,4,7,-2,6,3,2,3,0,1,6,8,4,5,0,8,10,8,4,6,2,2,1,8,4,15,7,4,4,11,20,12,8,2,8,9,8,17,9,15,29,8,3,6,40,7,20,29,22,4,19,32,27,51,45,26,12,25,31,23,49,40,51,16,21,57,32,35,75,42,14,11,24,84,73,12,58,28,34,128,87,64,52,57,14,38,131,95,63,85,75,34,18,101,44,50,56,54,29,35,81,41,61,52,17,4,8,104,47,35,59,33,20,7,86,79,52,54,16,0,8,61,51,28,29,17,8,0,32,42,32,29,35,1,10,45,28,27,12,8,3,4,57,49,8,32,18,0,14,55,50,12,3,2,0,17,43,152,99,103,41,2,45,162,26,18,32,16,4,20,49,82,38,47,43,0,26,91,68,2115,61,0,18,149,124,38,75,29,1,0,21,50,46,37,29,30,1,36,58,46,67,175,198,18,21,13,97,69,138,118,0,17,86,57,67,70,117,5,46,155,73,67,75,32,3,6,114,62,50,65,75,3,61,362,98,53,37,26,11,9,21,94,265,96,14,0,12,65,82,22,23,28,1,1,26,72,49,183,214,0,6,146,8,17,14,11,0,4,27,10,31,8,0,0,6,72,18,13,15,24,0,24,127,82,5,137,8,0,1,12,61,2,4,1,0,0,-1,6,15,12,6,0,4,0,2,1,12,4,0,0,23,3,8,2,1,0,0,31,20,5,4,-1,0,1,3,30,13,60,2,0,9,24,0,32,28,13,0,0,1,5,6,1,2,0,3,1,14,2,24,5,0,4,7,4,26,17,20,0,4,3,2,2,4,0,1,3,25,11,44,5,3,0,0,2,15,28,2,3,0,8,12,44,4,11,3,0,2,16,42,25,8,2,0,5,8,28,18,24,0,0,4,24,26,4,18,13,0,7,12,55,23,7,3,0,2,25,34,31,1,2,0,1,10,42,18,32,6,0,5,10,39,6,29,5,0,0,3,3,5,5,1,0,0,9,6,32,42,5,0,5,6,5,62,22,28,0,1,7,12,38,2,54,0,3,26,5,4,32,14,0,0,6,18,19,15,0,0,3,4,28,2,20,3,0,1,5,6,29,6,1,0,0,0,34,24,12,4,0,0,1,16,18,2,1,0,0,25,0,20,12,2,0,2,4,1,4,0,0,1,1,8,13,5,38,36,0,4,7,8,17,22,2,0,-1,3,7,21,24,26,0,2,5,3,2,0,0,0,0,4,2,10,15,1,0,0,4,27,32,12,5,0,4,37,7,22,29,33,0,0,5,33,14,21,9,0,3,32,5,24,27,3,0,0,0,0,0,0,0
0,0,0,0,0,0,0,0,0,0,0,0,0,0,0,0,0,0,0,0,0,0,0,0,0,0,0,0,0,0,0,0,0,0,0,0,0,0,0,0,0,0,0,0,0,0,0,0,0,0,0,0,0,0,0,0,0,0,0,0,1,-1,0,0,0,0,0,0,1,0,2,0,1,1,0,0,1,0,2,1,0,0,0,0,0,0,1,0,0,2,0,1,0,1,2,0,0,0,0,0,1,0,0,0,0,0,0,0,0,0,0,0,0,0,0,0,0,0,0,0,0,0,0,0,0,0,0,0,0,0,0,0,0,0,0,0,0,0,0,0,0,0,0,0,0,0,0,0,0,0,0,0,0,0,0,1,0,0,0,0,0,1,0,0,0,0,0,0,0,0,0,3,0,0,0,1,1,0,0,0,1,1,0,0,0,0,0,0,0,0,0,0,0,1,0,2,2,0,0,3,0,4,2,0,0,0,0,1,1,3,1,1,0,2,0,2,4,4,3,1,7,4,1,4,2,3,1,1,2,3,3,2,1,2,0,1,3,4,13,0,0,0,0,2,2,3,4,1,0,2,2,3,3,11,3,1,3,3,1,2,2,1,0,4,10,1,1,1,1,0,2,14,3,3,3,0,0,3,-2,2,1,3,0,0,0,0,0,0,1,1,0,1,0,0,0,0,0,0,0,1,0,1,7,2,0,0,2,2,3,0,4,0,0,0,2,10,5,1,0,0,4,2,1,2,3,0,0,4,2,1,0,1,0,0,3,0,0,0,0,0,0,0,3,1,0,0,0,0,10,0,4,5,1,0,0,3,6,0,2,2,0,2,1,3,4,4,6,0,59,3,2,1,0,3,0,0,4,2,0,0,2,0,0,5,1,1,0,1,0,0,1,1,2,0,1,0,0,4,0,2,2,0,0,0,2,0,2,1,1,0,0,3,0,1,1,1,0,0,0,0,1,1,1,0,0,3,1,1,3,0,0,0,1,0,0,4,0,0,0,0,3,0,1,0,0,0,2,0,1,0,0,0,0,0,2,1,1,0,0,1,3,1,0,0,0,1,0,1,1,0,1,1,0,0,1,0,1,1,1,0,0,0,0,2,0,2,0,0,0,2,0,1,1,0,0,0,1,0,1,3,0,0,0,0,1,0,0,0,0,1,0,3,1,2,0,0,0,0,1,2,0,0,0,1,1,0,0,0,0,0,0,1,0,2,0,0,0,0,1,1,0,0,0,0,1,3,0,0,2,0,0,3,2,3,0,0,0,1,0,0,2,2,0,1,0,2,1,1,1,4,0,0,2,4,4,1,1,0,1,8,0,9,5,2,0,0,13,4,7,1,10,2,0,0,7,8,12,7,0,0,11,8,15,8,12,0,0,12,12,9,0,10,0,0,13,12,7,12,7,3,0,7,8,7,4,4,4,0,6,6,5,4,6,4,0,0,4,3,2,3,0,0,1,2,5,10,10,0,0,3,13,12,6,12,0,0,6,3,5,0,1,0,0,8,7,6,4,0,0,0,6,6,1,0,3,0,0,8,1,1,4,1,0,0,6,1,5,8,5,0,0,5,2,2,3,2,0,0,2,3,1,4,0,0,0,3,0,5,4,0,0,0,0,4,3,1,3,0,0,5,4,3,6,3,0,0,0,9,2,5,4,0,0,3,10,5,9,7,1,0,10,3,10,18,4,0,0,7,6,8,11,4,0,0,12,16,2,8,4,0,0,0,8,9,9,0,4,0,7,3,4,5,1,0,0,0,0,0,0,0,0,0,14,0,0,0,0,0,0,5,0,0,0,0,0,0,6,0,0,0,0,0,0,3,0,0,0,0,0,0,8,0,0,0,0,0,0,17,0,0,0,0,0,0,11,0,0,0,0,0,0,10,0,0,0,0,0,0,6,0,0,0,0,0,0,12,0,0,0,0,0,0,5,0,0,0,0,0,0,6,0,0,0,0,0,0,8,0,0,0,0,0,0,9,0,0,0,0,0,0,15,0,0,0,0,0,0,15,0,0,0,0,0,0,20,0,0,0,0,0,0,11,0,0,0,0,0,0,13,0,0,0,0,0,0,23,0,0,0,0,0,0,21,0,0,0,0,0,0,14,0,0,0,0,0,0,13,0,0,0,0,0,0,13,0,0,0,0,0,0,12,0,0,0,0,0,0,11,0,0,0,0,0,0,10,0,0,0,0,0,0,14,0,0,0,0,0,0,7,0,0,0,0,0,0,8,0,0,0,0,0,0,5,0,0,0,0,0,0,3,0,0,0,0,0,0,2,0,0,0,0,0,0,7,0,0,0,0,0,0,5,0,0,0,0,0,0,6,0,0,0,0,0,0,10,0,0,0,0,0,0,5,0,0,0,0,0,0,7,0,0,0,0,0,0,4,0,0,0,0,0,0,10,0,0,0,0,0,0,3,0,0,0,0,0,0,4,0,0,0,0,0,0,5,0,0,0,0,0,0,5,0,0,0,0,0,0,11,0,0,0,0,0,0,11,0,0
0,0,0,0,0,0,0,0,0,0,0,0,0,0,0,0,0,0,0,0,0,0,0,0,0,0,0,0,0,0,0,0,0,0,0,0,0,0,0,0,0,0,0,0,0,0,0,0,0,0,0,0,1,2,1,0,4,5,5,5,5,6,9,3,12,18,15,21,22,22,32,25,34,25,37,29,36,25,20,29,35,46,38,34,36,28,37,38,50,51,38,37,42,35,43,36,44,45,37,44,36,39,39,44,34,28,33,34,42,39,28,44,33,30,30,41,30,32,39,18,25,15,22,20,15,19,22,23,17,20,20,26,23,21,10,15,17,25,17,15,16,13,21,14,15,17,25,12,10,11,15,4,10,13,12,11,9,9,10,12,8,11,7,12,16,9,8,11,7,11,13,9,6,11,10,9,9,9,14,9,13,10,11,11,10,4,6,21,9,11,13,9,9,11,5,15,14,12,7,16,13,15,15,16,12,12,23,5,16,17,8,15,12,14,11,3,16,9,12,9,13,7,10,6,14,11,14,11,15,13,12,12,4,18,14,12,8,15,12,10,7,11,15,17,13,13,24,12,20,19,13,18,18,24,15,13,15,18,23,25,17,21,23,29,20,35,42,24,30,20,36,33,36,29,25,30,42,40,35,39,49,35,40,43,43,52,40,57,49,60,44,60,59,43,46,51,69,63,82,74,77,72,69,77,86,81,80,91,84,74,81,81,86,99,87,98,97,88,94,106,102,106,110,95,89,107,92,92,113,107,94,86,107,79,92,73,80,93,92,101,119,98,76,78,94,63,110,65,83,75,63,68,58,70,54,63,66,65,69,68,68,50,66,51,66,47,46,41,50,50,43,40,42,34,35,40,37,189,89,66,65,58,67,59,26,90,32,24,18,40,19,31,44,11,36,35,43,17,27,37,25,17,22,28,10,30,34,29,11,7,18,13,27,22,22,10,8,12,17,14,15,4,20,1,12,16,7,20,9,12,5,10,1,9,21,5,0,1,9,15,15,17,7,10,3,16,20,7,17,5,8,2,8,14,4,4,15,3,6,13,19,12,8,6,11,1,13,10,6,18,8,13,1,15,11,5,16,5,9,6,21,11,7,22,6,0,1,12,5,12,13,19,5,0,8,9,20,4,24,0,2,9,12,2,4,31,0,1,6,11,1,2,29,0,4,12,5,3,3,0,0,14,8,6,5,8,0,0,0,21,8,17,5,0,0,9,10,5,1,1,0,0,12,6,6,-1,2,0,0,0,15,13,6,6,0,0,7,13,14,6,9,0,0,10,27,19,6,12,0,0,16,29,25,16,14,0,0,35,57,20,12,21,0,0,46,72,29,25,25,0,0,0,53,86,50,24,0,0,65,92,71,35,37,0,0,74,82,76,28,34,0,0,97,87,64,33,28,0,0,87,71,77,32,29,0,0,80,47,31,85,20,0,0,64,61,53,26,21,0,0,54,43,65,34,17,0,0,54,46,58,18,39,0,0,18,60,19,18,75,0,0,17,42,44,29,27,0,0,69,53,17,0,0,0,0,52,119,64,31,60,0,0,24,93,80,45,60,0,0,70,92,96,60,53,0,0,104,119,88,0,0,0,0,64,170,59,48,0,0,0,47,172,40,152,166,0,0,182,112,127,88,103,0,0,82,77,115,137,114,0,0,45,132,128,109,136,0,0,55,131,111,68,46,0,0,100,99,0,117,108,0,0,50,65,126,49,103,0,0,46,54,64,43,64,0,0,43,37,48,35,39,0,0,15,21,77,11,38,0,0,14,15,36,21,40,0,0,10,9,25,6,16,0,0,4,13,0,0,58,0,0,7,0,0,22,0,24,0,0,9,0,16,0,0,0,0,14,0,12,0,14,0,0,3,0,18,0,17,0,0,4,0,0,0,23,0,0,5,0,11,0,6,0,0,4,0,22,0,19,0,0,1,0,10,0,8,0,0,0,0,12,0,28,0,0,6,0,24,0,8,0,0,20,0,6,0,2,0,0,23,0,12,0,14,0,0,1,0,21,0,5,0,0,0,0,17,0,49,0,0,14,0,20,0,18,0,0,14,0,16,0,31,0,0,2,0,23,0,20,0,0,7,0,41,0,30,0,0,5,0,33,0,40,0,0,9,0,41,0,27,0,0,4,0,35,0,33,0,0,7,0,36,0,29,0,0,0,0,23,0,43,0,0,8,0,24,0,24,0,0,9,0,27,0,29,0,0,4,0,34,0,0,0,0,0,0,40,0,0,0,0,0,0,0,68,0,0,0,0,0,47,0,0,0,0,0,0,37,0,0,0,0,0,0,50,0,0,0,0,0,0,63,0,0,0,0,0,0,66,0,0,0,0,0,0,59,0,0,0,0,0,0,26,0,0,0,0,0,0,66,0,0,0,0,0,0,73,0,0,0,0,0,0,0,0,0,0,0,0,61,0,0,0,0,0,0,8,0,98,0,0,0,0,109,143,0,0,0,0,0,0,74,0,0,0,0,0,65,0,0,0,0,0,0,41,0,0
